ID,Zip.code,Gender,Marital.status,academic,Age,num.month,favorite.QSR,num.people,appealing,seat,parking,cleanliness,appearance,friendliness,knowledge,received,billing,prompt,attention,hours,waiting.time,food.size,price,Wifi,Variety,value,location,drive.tru,discounts,healthy.food,menu,last.visit,visit.again,recommend,Profession,Information.Source
1,72830,2,2,4,2,6,BURGER KING,1,3,3,3,4,4,4,4,5,4,4,4,4,4,4,4,3,4,4,4,4,4,4,4,5,4,4,Student,multiple.way
2,72845,2,2,4,1,28,BURGER KING,1,2,5,5,4,3,2,3,4,3,5,3,3,2,4,3,2,2,3,3,3,2,2,3,3,4,4,Student,drive
3,72560,1,2,3,1,15,MCDONALD'S,1,3,3,3,3,4,4,4,5,3,4,3,4,3,2,3,1,5,3,2,5,4,2,5,5,5,4,Student,sign
4,71935,1,3,3,1,4,SONIC,2,4,5,5,5,5,5,5,5,5,5,5,5,5,5,5,2,5,5,5,5,5,2,5,5,5,5,Student,other
5,72745,2,2,3,1,4,TACO BELL,1,5,4,4,4,4,5,5,5,5,5,5,5,5,5,4,4,5,5,5,5,3,4,5,5,5,5,Student,drive
6,72031,2,2,4,1,28,MCDONALD'S,1,3,5,5,4,4,5,5,5,5,5,4,5,5,4,5,1,5,4,5,5,5,3,5,5,5,5,Student,drive
7,72634,1,2,3,1,16,TACO BELL,3,4,5,4,4,3,3,3,4,4,4,3,4,4,4,4,2,4,4,4,5,3,2,4,5,5,5,Student,drive
8,72635,1,2,3,1,12,MCDONALD'S,4,4,3,3,4,2,3,3,4,4,4,2,4,3,2,4,4,5,4,3,4,5,4,4,4,5,4,Student,multiple.way
9,72801,1,2,3,1,12,MCDONALD'S,4,4,4,4,4,3,4,4,4,5,4,2,5,2,5,5,5,5,5,5,2,5,1,4,4,5,4,Student,mobile
10,72762,1,2,4,1,12,TACO BELL,2,4,5,2,3,3,5,5,5,5,5,5,5,4,5,5,5,5,5,5,5,5,2,5,5,5,5,Student,multiple.way
11,72801,2,2,3,1,8,SONIC,2,4,5,2,2,3,2,3,5,5,3,3,5,5,5,4,5,4,4,5,5,4,2,4,4,4,4,Student,drive
12,72802,1,2,3,1,16,TACO BELL,5,3,4,2,3,2,3,2,4,4,3,3,5,4,4,4,3,3,3,3,4,3,3,3,4,4,3,Student,drive
13,72801,2,2,4,1,20,ZAXBY'S,2,4,4,5,5,3,2,2,2,3,3,2,4,3,3,3,3,3,4,4,4,4,1,2,3,3,5,Student,mobile
14,72058,2,3,3,1,3,TACO BELL,3,3,3,2,4,4,4,4,4,5,4,3,5,4,4,4,4,4,4,5,2,3,1,4,4,5,4,Student,multiple.way
15,72857,2,2,2,1,3,TACO BELL,2,3,4,4,3,3,3,4,4,3,3,3,4,3,4,3,4,3,4,3,3,3,3,4,3,4,3,Student,multiple.way
16,72076,2,2,2,1,8,WENDY'S,2,3,5,5,1,3,4,3,5,5,5,3,5,5,5,5,5,5,3,5,5,5,3,5,4,5,3,Student,sign
17,72801,1,2,2,1,8,CHICK-FIL-A,5,5,5,5,4,5,5,5,5,5,5,5,5,5,5,5,4,4,5,5,5,5,5,5,5,5,5,Student,friend.relative
18,72903,2,2,4,1,2,CHICK-FIL-A,1,5,5,5,5,5,5,5,5,5,5,5,4,4,5,3,4,5,5,5,5,4,5,5,5,5,5,Student,friend.relative
19,72023,1,2,3,1,12,DAIRY QUEEN,1,4,5,5,3,4,4,3,4,4,3,3,5,4,4,3,5,4,3,4,5,3,3,5,4,5,4,Student,friend.relative
20,72801,1,2,4,1,4,WENDY'S,1,4,5,5,4,5,3,3,5,5,5,3,5,5,5,4,3,5,4,4,4,2,2,5,4,5,4,Student,drive
21,72802,1,2,2,1,1,WENDY'S,1,4,4,4,4,3,3,3,3,4,4,3,3,3,3,3,3,3,3,3,3,3,3,3,3,3,2,Student,drive
22,72801,1,1,4,1,8,TACO BELL,3,5,5,5,5,4,5,4,5,5,5,5,5,3,3,5,5,5,5,5,5,5,3,5,4,5,5,Student,social.media
23,72823,1,2,4,1,24,WENDY'S,1,5,5,5,5,5,5,5,5,5,5,5,5,5,5,5,5,5,5,5,5,5,5,5,5,5,5,Student,friend.relative
24,72601,1,2,4,1,5,RAISING CANES,6,5,5,4,5,5,5,5,5,5,5,5,5,5,5,5,5,5,5,5,5,5,5,5,5,5,5,Student,multiple.way
25,72801,2,2,4,1,20,TROPICAL SMOOTHIE,3,5,5,3,5,4,2,3,5,5,5,3,5,5,5,5,5,4,5,5,3,2,1,5,4,5,5,Student,friend.relative
27,72120,2,2,2,1,10,TACO BELL,2,3,3,4,3,3,4,3,3,3,4,3,5,2,4,3,3,4,4,5,5,4,2,4,4,5,4,Student,TV.ad
28,72801,2,2,2,1,4,TACO BELL,2,4,4,5,3,4,3,4,5,4,4,4,4,4,4,3,5,5,4,4,3,3,3,3,4,5,4,Student,friend.relative
29,NA,2,2,1,1,1,KFC,3,4,4,3,3,3,4,4,3,5,4,3,4,4,3,2,2,3,3,3,3,3,3,4,3,3,3,Student,friend.relative
30,71943,1,2,2,1,12,SONIC,1,4,4,4,3,3,4,4,4,4,4,4,4,4,3,3,4,5,5,5,5,4,4,4,4,5,4,Student,drive
31,71901,1,2,4,2,12,CHICK-FIL-A,2,3,4,4,3,3,4,3,4,4,2,5,4,4,3,3,3,4,4,4,4,2,4,4,4,4,4,Student,friend.relative
32,72801,1,2,2,1,16,MCDONALD'S,2,4,5,5,4,5,5,5,5,5,5,4,5,4,4,5,5,3,5,4,5,5,4,4,5,5,3,Student,drive
33,72801,2,2,1,1,20,TACO BELL,2,4,4,2,4,4,5,5,5,5,5,5,5,4,4,4,5,4,4,4,4,5,5,5,5,5,5,Student,TV.ad
34,72801,1,2,2,1,8,TACO BELL,2,4,4,4,4,4,4,4,4,4,4,4,4,4,4,4,4,4,4,4,4,4,4,4,4,5,4,Student,multiple.way
35,72801,2,2,1,1,40,CHICK-FIL-A,5,3,3,3,3,3,3,2,2,3,2,2,2,4,2,4,4,4,4,4,4,3,3,5,5,5,5,Student,multiple.way
36,72801,2,2,2,1,16,ZAXBY'S,2,3,4,3,2,5,4,4,5,5,4,4,5,4,4,4,5,5,5,5,4,5,2,3,4,5,4,Student,TV.ad
37,72756,1,2,3,1,16,WENDY'S,5,5,4,4,4,3,4,4,2,2,3,2,5,3,2,2,1,3,2,3,1,3,2,2,4,5,5,Student,drive
38,72802,1,2,1,1,12,CHICK-FIL-A,1,4,5,3,3,3,3,3,5,5,4,3,5,4,4,4,4,4,4,4,1,3,3,5,4,5,5,Student,other
39,72802,1,2,3,1,20,FIREHOUSE SUBS,3,5,5,5,4,5,5,5,5,5,5,5,5,5,5,3,3,5,5,5,5,3,5,5,5,5,5,Student,sign
40,72802,2,1,4,4,28,STARBUCKS,1,5,5,5,5,5,5,5,5,5,5,5,5,5,5,4,5,4,4,4,5,4,3,4,5,5,5,Student,drive
41,72837,2,1,4,4,16,WENDY'S,2,3,5,5,3,3,4,4,2,3,3,3,4,3,3,5,3,3,5,4,4,3,3,3,3,4,4,Student,other
42,72801,1,2,3,1,8,TACO BELL,4,4,5,4,4,3,4,4,4,4,4,3,4,4,3,5,3,5,5,5,5,3,3,5,4,5,4,Student,drive
43,72801,2,2,3,1,2,TROPICAL SMOOTHIE,2,5,4,4,5,5,5,4,5,5,5,5,5,4,5,4,4,5,5,5,5,5,5,5,5,5,5,Student,multiple.way
44,72858,2,2,4,2,0,ARBY'S,5,2,4,4,3,2,3,3,2,3,2,3,2,3,3,3,4,4,3,3,3,4,2,3,4,4,4,Student,other
45,72761,2,2,4,1,16,MCDONALD'S,1,5,5,5,4,4,5,5,5,5,4,3,2,5,5,5,5,5,5,5,5,4,2,5,5,5,5,Student,other
46,72802,1,2,3,1,16,MCDONALD'S,2,5,5,5,4,5,3,3,4,5,5,3,5,4,4,5,5,5,5,5,5,3,2,5,5,5,5,Student,drive
47,72801,2,2,4,1,10,SUBWAY,2,3,3,2,2,3,3,4,5,5,3,3,5,4,5,4,4,3,4,4,5,2,2,4,4,5,4,Student,multiple.way
48,72801,2,2,2,1,15,POPEYE'S,2,3,4,4,2,3,3,3,3,4,3,2,4,3,3,3,1,4,3,4,4,3,2,4,4,4,5,Student,friend.relative
49,72801,2,2,3,1,8,TACO BELL,1,3,5,5,2,3,5,5,5,5,5,4,5,3,5,5,5,2,5,5,5,5,2,5,5,5,5,Student,drive
50,72628,2,2,4,1,8,CHICK-FIL-A,1,5,4,4,5,4,5,5,5,5,5,5,5,5,5,5,2,5,5,5,3,4,5,5,5,5,5,Student,friend.relative
51,72034,2,3,4,1,8,SONIC,1,4,3,2,3,4,5,5,5,5,5,3,5,5,5,3,1,5,5,5,5,5,5,5,5,5,5,Student,multiple.way
52,72762,2,2,3,1,10,TACO BELL,2,5,1,4,3,3,5,5,5,5,5,5,5,5,5,5,5,5,5,5,5,5,1,3,5,5,5,Student,social.media
53,72802,1,2,4,1,20,ZAXBY'S,1,5,5,5,5,5,5,5,5,5,5,5,5,5,5,5,5,5,5,5,5,5,5,5,5,5,5,Student,drive
54,72802,2,2,4,1,8,WENDY'S,1,5,5,5,5,5,5,5,5,5,5,5,5,5,5,4,1,5,4,5,5,4,5,5,5,5,5,Student,friend.relative
55,72064,1,2,4,1,12,POPEYE'S,1,5,5,5,5,4,3,4,3,5,5,5,5,4,5,4,3,5,5,5,5,3,3,5,5,5,5,Student,drive
56,72801,2,2,3,1,6,OTHER,2,5,5,5,5,5,5,5,5,5,5,5,5,5,5,5,3,5,5,3,5,5,5,5,5,5,5,Student,friend.relative
57,72761,1,2,1,1,16,FREDDY'S,3,4,3,3,4,4,3,5,5,5,3,3,3,5,3,4,3,5,5,5,5,3,2,5,4,5,5,Student,multiple.way
58,72802,1,2,4,1,16,POPEYE'S,2,3,3,4,3,4,4,3,5,4,5,5,5,5,5,4,4,5,5,5,5,3,2,4,5,5,5,Student,mobile
59,72801,2,2,4,1,10,TACO BELL,1,5,3,3,4,3,4,4,5,5,5,3,5,3,4,5,2,5,5,5,5,3,2,5,5,5,5,Student,drive
60,71602,2,2,2,1,12,TACO BELL,6,3,4,4,3,5,5,5,5,4,5,2,5,4,4,3,2,3,4,4,3,4,2,4,4,4,4,Student,multiple.way
61,72801,1,2,2,1,4,CHICK-FIL-A,3,5,5,5,5,5,5,5,5,5,5,5,5,5,5,5,5,5,5,5,5,5,5,5,5,5,5,Student,sign
62,72801,1,2,2,1,2,CHICK-FIL-A,1,5,5,5,5,5,5,5,5,5,5,5,4,4,3,4,3,5,5,4,5,3,3,5,5,4,3,Student,drive
63,72801,2,2,4,1,2,FIVE GUYS,6,4,5,4,4,5,5,5,5,5,4,3,5,5,5,4,5,5,5,5,3,3,3,5,5,5,4,Student,friend.relative
64,72751,1,2,2,1,4,MCDONALD'S,2,3,5,4,2,3,3,2,2,2,3,2,5,3,3,3,4,4,3,5,4,4,3,5,4,5,4,Student,drive
65,72102,2,2,3,1,12,TACO BELL,6,4,5,5,4,3,3,3,5,5,5,3,5,5,5,3,3,3,5,5,5,3,3,5,5,5,5,Student,sign
66,NA,2,2,1,1,4,TACO BELL,3,4,5,5,2,4,4,4,5,5,4,4,5,4,5,3,1,4,4,5,5,1,1,5,4,5,5,Student,other
67,72209,1,2,3,1,1,TACO JOHN'S,3,3,4,2,4,5,3,4,3,2,4,3,4,3,4,4,2,3,3,4,2,3,4,3,4,5,2,Student,multiple.way
68,72801,2,2,3,1,10,CHICK-FIL-A,2,3,3,3,5,5,5,5,5,5,5,5,4,5,5,4,4,5,5,4,5,5,3,5,5,5,5,Student,multiple.way
69,37209,1,1,1,1,60,TACO BELL,4,3,5,2,3,3,5,3,3,4,3,5,4,3,5,3,3,3,3,3,3,4,5,5,1,1,5,Student,sign
70,72834,1,2,2,1,5,SUBWAY,5,4,3,3,3,3,4,4,4,4,3,4,3,3,4,3,2,4,3,2,3,3,3,4,4,3,4,Student,multiple.way
71,71913,1,2,2,1,1,CHICK-FIL-A,3,4,5,4,3,3,4,5,3,5,3,5,2,2,3,3,5,3,0,3,5,2,4,5,4,5,4,Student,TV.ad
72,72801,2,2,3,1,4,SONIC,1,3,3,5,3,5,5,5,5,5,5,5,5,5,5,5,1,5,5,2,5,5,2,2,5,5,5,Student,friend.relative
73,72634,1,2,3,1,3,MCDONALD'S,1,4,5,5,4,4,5,5,5,5,5,5,5,5,4,5,5,5,4,5,5,5,4,5,4,5,4,Student,drive
74,72801,1,2,1,1,8,TACO BELL,2,4,4,4,4,4,4,4,5,4,4,4,5,3,5,4,3,4,4,5,4,3,4,4,5,5,3,Student,other
75,72903,1,2,3,1,3,TACO JOHN'S,4,4,3,4,5,5,5,3,3,5,5,5,5,5,5,4,5,4,4,5,3,4,3,5,4,5,4,Student,friend.relative
76,72113,2,2,1,1,30,TACOS 4 LIFE,3,4,4,3,3,3,3,4,5,5,5,5,5,4,5,3,5,5,5,4,2,3,3,5,3,3,3,Student,TV.ad
77,72801,1,2,2,1,4,TACO BELL,4,5,5,5,5,5,5,5,5,5,5,5,5,5,5,5,5,5,5,5,5,5,5,5,5,5,5,Student,drive
78,72801,1,2,1,1,16,JIMMY JOHN'S,2,5,4,3,4,5,5,4,5,5,5,3,4,3,5,4,3,4,4,4,3,4,5,4,4,4,4,Student,other
79,72801,1,1,5,2,4,MCDONALD'S,4,3,4,4,3,3,4,3,2,4,3,3,3,3,3,3,4,3,3,3,3,3,2,4,4,4,5,Student,drive
80,72113,2,2,1,1,35,MCDONALD'S,3,5,5,3,2,3,4,4,5,5,5,4,5,3,5,1,5,3,5,5,5,5,5,5,5,5,4,Student,TV.ad
81,72936,1,2,1,1,50,BURGER KING,1,5,5,5,5,5,5,5,5,5,5,5,5,5,5,5,5,5,5,5,5,5,5,5,5,5,5,Student,multiple.way
82,72761,2,2,4,1,16,MCDONALD'S,1,5,5,5,4,4,5,5,4,5,3,3,5,2,5,5,5,5,5,5,3,4,2,5,4,5,4,Student,other
83,72956,1,2,1,1,5,SONIC,1,3,4,4,3,4,3,3,2,4,5,3,3,4,5,3,1,3,3,4,5,1,3,5,4,4,3,Student,multiple.way
84,72956,1,3,1,1,8,WENDY'S,2,4,4,4,4,4,4,4,4,4,4,4,4,4,4,4,4,4,4,4,4,4,4,4,5,5,5,Student,sign
85,72801,1,2,1,1,4,ZAXBY'S,5,4,5,5,4,3,4,3,5,5,5,3,1,2,5,2,3,5,4,5,5,1,2,5,5,5,5,Student,friend.relative
86,72801,1,2,1,1,12,WENDY'S,2,2,5,5,3,3,5,5,5,5,5,3,5,5,5,5,3,5,5,5,5,4,1,5,5,5,5,Student,drive
87,72801,1,2,1,1,4,ZAXBY'S,5,4,5,5,3,3,4,3,5,5,5,5,2,4,5,2,3,5,4,4,5,3,1,2,5,5,5,Student,friend.relative
88,72802,1,2,1,1,0,TACO JOHN'S,3,3,4,3,5,5,5,5,5,5,5,5,4,5,5,4,5,5,5,5,5,5,5,5,5,5,4,Student,sign
89,72801,2,2,1,1,16,CHICK-FIL-A,1,5,5,5,5,5,5,5,5,5,5,5,5,4,5,5,5,5,5,5,5,5,5,5,5,5,5,Student,friend.relative
90,72801,2,2,1,1,20,TACO BELL,4,4,5,4,4,4,5,5,5,5,5,4,5,5,4,4,5,5,5,5,5,3,3,5,5,5,5,Student,friend.relative
91,72801,2,2,1,1,15,MCDONALD'S,3,4,5,5,4,3,4,4,4,5,5,4,5,5,5,5,5,5,5,5,5,5,2,5,5,5,5,Student,multiple.way
92,72801,2,2,1,1,27,TACO BELL,4,5,5,4,4,4,5,5,5,5,5,5,5,5,5,5,5,5,5,5,5,5,4,5,5,5,5,Student,multiple.way
93,72801,2,2,1,1,4,MCDONALD'S,2,4,5,5,3,4,5,5,5,5,4,3,5,5,5,5,5,5,4,5,5,4,2,4,5,5,5,Student,other
94,71913,1,2,1,1,24,CHICK-FIL-A,5,5,5,3,4,3,4,4,5,5,5,5,5,5,5,4,3,4,4,4,4,3,3,5,5,5,5,Student,drive
95,72801,1,2,1,1,4,MCDONALD'S,4,4,4,4,2,2,4,3,3,5,4,3,5,4,4,5,5,5,4,5,5,5,3,2,5,5,4,Student,friend.relative
96,71832,1,2,2,1,4,MCDONALD'S,3,3,3,3,3,4,2,4,5,4,4,4,5,3,4,4,4,4,3,3,2,1,4,2,2,2,4,Student,social.media
97,71832,1,2,1,1,2,MCDONALD'S,6,4,4,4,4,3,4,4,4,4,4,4,5,4,4,5,5,5,5,5,5,5,5,5,5,5,5,Student,other
98,72958,1,1,1,1,4,CHICK-FIL-A,3,4,4,3,4,4,5,4,5,5,5,3,5,5,5,5,4,4,5,5,5,5,2,5,5,2,3,Student,friend.relative
99,72801,1,2,3,1,8,CHICK-FIL-A,1,5,5,5,5,5,5,5,5,5,5,5,5,5,5,5,5,5,5,5,5,5,5,5,5,5,5,Student,drive
100,71929,2,1,1,1,3,SONIC,3,2,5,5,3,5,5,5,5,5,5,5,5,5,5,3,3,5,5,5,5,3,1,5,5,4,5,Student,TV.ad
101,72801,2,1,2,1,3,SONIC,2,5,5,5,5,5,5,5,5,5,4,5,3,3,5,3,4,1,3,4,5,5,2,1,5,5,5,Student,sign
102,72801,1,1,4,1,20,RAISING CANES,1,4,4,2,3,5,5,3,4,4,3,5,5,3,4,5,5,4,4,3,4,4,1,4,4,4,3,Student,drive
103,72801,1,2,2,1,60,TACO BELL,2,5,5,5,4,4,5,4,5,5,5,5,5,5,5,5,5,5,5,5,5,5,5,5,5,5,5,Student,TV.ad
104,72537,1,2,1,1,5,WENDY'S,2,5,5,5,5,5,4,5,5,5,4,5,5,4,4,4,3,3,2,4,3,3,5,2,4,5,5,Student,friend.relative
105,72116,1,2,2,1,3,ARBY'S,1,4,4,5,3,4,4,5,4,5,5,5,5,5,5,4,4,5,4,5,5,4,4,4,5,5,5,Student,billboard
106,72801,1,3,1,1,24,STEAK N SHAKE,3,4,5,4,5,2,4,5,5,5,5,5,5,2,5,4,1,5,5,4,3,2,3,1,5,5,5,Student,sign
107,72801,1,2,1,1,20,KFC,2,4,4,4,4,4,4,4,4,4,4,4,4,4,4,4,4,4,4,4,4,4,4,4,4,4,4,Student,multiple.way
108,72801,1,2,1,1,2,KFC,2,4,4,4,5,5,4,5,4,4,4,4,4,4,4,4,4,4,4,4,4,4,4,4,4,5,4,Student,friend.relative
109,72126,1,2,1,1,8,TACO BELL,2,5,5,5,5,5,5,5,5,5,5,5,5,5,5,5,5,5,5,5,5,4,4,5,5,5,5,Student,other
110,72801,1,2,1,1,2,TACO BELL,2,3,5,4,3,3,3,4,5,5,5,5,5,2,4,4,5,5,4,5,5,3,3,4,4,5,5,Student,drive
111,72956,1,2,1,1,5,SONIC,1,3,5,5,2,1,3,2,4,5,4,2,5,4,2,3,1,3,2,3,4,1,2,5,4,4,3,Student,friend.relative
112,72086,2,2,2,1,12,POPEYE'S,3,5,5,5,5,5,5,5,5,5,5,5,5,5,5,4,5,5,5,4,5,5,1,5,5,5,5,Student,friend.relative
113,72023,2,2,2,1,12,POPEYE'S,3,5,5,5,5,5,5,5,5,5,5,5,5,5,5,4,5,5,4,5,5,5,1,5,5,5,5,Student,friend.relative
114,72801,2,2,1,1,3,CHICK-FIL-A,3,5,4,5,5,5,5,5,5,5,5,4,5,5,5,5,5,5,5,3,5,5,5,5,5,5,5,Student,other
115,72801,2,2,1,1,4,TACO BELL,6,5,5,5,5,5,5,5,5,5,5,5,5,5,5,5,5,5,5,5,5,5,3,5,5,5,5,Student,other
116,72801,1,2,1,1,4,OTHER,6,3,3,3,2,4,4,3,4,4,4,3,5,5,4,3,4,4,3,5,3,3,2,2,4,3,4,Student,friend.relative
117,72801,2,2,4,1,3,BUFFALO WILD WINGS,5,4,5,4,3,3,3,3,4,4,3,3,5,4,4,4,4,4,4,4,4,3,2,4,4,3,3,Student,friend.relative
118,71655,2,2,1,1,20,MCDONALD'S,2,3,4,4,3,4,4,4,5,5,4,3,5,2,5,5,4,4,4,4,3,5,2,5,4,5,3,Student,drive
119,72801,2,2,3,1,12,WENDY'S,1,4,4,3,4,4,5,5,5,5,5,5,4,5,5,3,2,3,3,5,5,2,1,3,5,5,4,Student,TV.ad
120,72801,1,2,2,1,8,STEAK N SHAKE,1,3,3,3,3,3,3,3,5,5,5,3,3,5,5,5,3,3,5,5,5,3,3,3,5,5,5,Student,drive
121,72801,2,2,1,1,8,PANDA EXPRESS,2,4,4,2,5,5,5,5,5,5,5,5,2,5,4,2,4,4,5,5,5,2,4,4,5,5,5,Student,drive
122,39204,1,2,4,1,5,MCDONALD'S,1,4,4,3,3,3,3,4,5,5,5,5,5,5,5,5,5,5,5,5,5,5,5,5,5,5,3,Student,friend.relative
123,72034,2,3,1,1,5,WENDY'S,2,4,5,4,3,3,2,5,5,5,3,4,5,5,5,4,5,3,3,3,4,1,1,5,3,5,4,Student,sign
124,72501,2,2,1,1,3,TACO BELL,2,4,4,4,4,4,4,4,4,4,5,5,5,5,5,5,5,5,5,3,3,3,3,3,4,4,4,Student,multiple.way
126,75013,1,2,2,1,1,PANDA EXPRESS,6,3,5,5,3,3,4,3,4,3,3,5,3,3,3,3,4,3,3,5,4,2,1,3,3,4,3,Student,other
126,72802,1,2,1,1,20,ARBY'S,4,3,3,3,3,3,3,3,5,5,4,5,4,5,4,3,3,3,3,3,5,3,3,5,3,5,4,Student,other
127,72117,1,2,2,1,5,WENDY'S,2,4,4,3,3,4,3,3,5,5,4,4,4,5,5,4,4,3,4,4,5,3,3,5,5,5,5,Student,sign
128,72801,2,2,5,1,12,CHICK-FIL-A,2,5,5,5,5,5,5,5,5,5,5,5,5,5,5,4,3,5,5,3,5,4,5,5,5,5,5,Student,friend.relative
129,72801,2,2,3,1,3,MCDONALD'S,1,5,5,4,5,5,5,5,5,5,4,4,5,4,5,5,5,5,5,5,5,3,4,5,5,5,5,Student,TV.ad
130,72801,2,2,1,1,4,POPEYE'S,2,3,4,4,4,3,5,5,4,5,4,3,4,3,4,4,3,5,5,5,5,4,3,5,5,5,5,Student,friend.relative
131,72858,1,2,2,1,12,POPEYE'S,1,3,5,5,5,5,5,5,5,5,5,5,5,5,5,4,2,3,3,3,3,3,3,3,3,3,3,Student,friend.relative
132,72837,2,2,1,1,12,CHICK-FIL-A,5,5,5,1,5,5,5,5,5,3,5,5,3,5,5,4,3,3,5,5,5,5,5,5,5,5,5,Student,multiple.way
133,72802,2,2,4,1,16,SLIM CHICKEN,1,5,5,5,5,4,5,5,5,5,4,5,5,4,5,5,2,5,5,5,5,4,3,5,5,5,5,Student,sign
134,72801,2,2,2,1,16,MCDONALD'S,1,5,3,2,4,4,4,4,2,5,1,1,5,3,4,1,5,5,5,5,5,2,3,5,4,5,5,Student,social.media
135,72801,2,2,2,1,16,MCALISTERS,1,5,5,3,4,5,5,5,5,5,5,4,3,4,2,2,3,4,4,4,1,3,5,5,5,5,5,Student,friend.relative
136,65714,2,2,2,1,21,MCDONALD'S,2,5,5,4,4,5,5,5,5,5,5,5,5,5,5,5,2,5,5,5,3,1,4,4,5,5,5,Student,friend.relative
137,71602,2,2,2,1,1,WENDY'S,6,5,5,5,5,5,5,5,5,5,5,5,5,5,5,5,5,5,5,5,1,5,5,5,5,5,5,Student,sign
138,72801,2,2,1,1,5,CHICK-FIL-A,2,5,3,3,5,5,5,5,5,5,5,5,5,4,5,5,4,5,5,5,3,5,5,5,5,5,5,Student,drive
139,72390,2,1,2,1,20,WENDY'S,6,5,5,5,4,5,4,5,5,5,5,5,5,5,5,5,5,5,5,5,5,5,3,5,4,1,1,Student,friend.relative
140,72704,2,2,2,1,20,TROPICAL SMOOTHIE,1,5,4,3,5,5,5,5,5,5,5,5,5,3,5,4,5,5,5,4,4,4,5,4,5,5,5,Student,other
141,72801,1,2,4,1,4,GO GREEN,3,2,5,5,2,3,5,4,2,3,4,4,4,3,4,4,5,5,3,5,4,3,1,3,2,3,1,Student,sign
142,72034,1,2,4,1,3,JACK IN THE BOX,2,2,4,4,3,4,3,3,3,4,1,3,5,1,4,4,4,4,3,4,1,1,1,4,3,5,3,Student,friend.relative
143,72110,2,1,2,4,8,TACO BELL,2,4,4,2,4,4,5,5,5,5,5,5,5,5,4,4,5,5,5,5,5,3,4,4,5,5,5,Student,drive
144,72774,1,3,1,1,4,TACO BELL,2,3,5,5,2,3,2,1,4,5,2,1,5,2,4,3,3,5,5,5,5,3,2,4,4,5,4,Student,drive
145,72023,1,2,1,1,20,MCDONALD'S,2,5,4,3,5,5,5,5,5,5,5,5,5,5,4,5,5,5,5,5,3,3,4,2,4,5,5,Student,friend.relative
146,72801,1,2,2,1,36,TACO BELL,4,4,4,4,4,4,3,4,3,5,5,5,4,5,4,5,5,5,3,5,5,4,4,5,5,5,5,Student,social.media
147,72801,1,1,5,2,10,CHIPOTLE,5,4,4,4,4,4,4,4,4,4,4,4,5,3,5,4,4,4,4,4,3,4,5,5,4,4,4,Student,friend.relative
148,72703,2,2,1,1,20,BRAUM'S,3,3,3,3,3,5,5,5,5,4,3,5,5,3,5,5,5,5,5,5,1,1,5,3,4,5,5,Student,sign
149,72019,1,2,4,1,0,OTHER,6,2,3,3,3,3,3,3,1,4,4,4,5,5,5,4,3,3,3,3,4,5,1,3,1,1,1,Student,multiple.way
150,72034,2,3,1,1,4,ZAXBY'S,2,4,4,4,2,2,5,2,4,5,3,1,5,3,5,3,5,5,5,5,5,5,2,1,5,5,5,Student,friend.relative
151,72012,3,2,2,1,8,ZAXBY'S,4,5,5,5,5,5,5,4,4,5,5,4,5,5,4,4,5,4,5,4,5,3,3,5,5,5,5,Student,drive
152,72019,1,3,2,1,3,OTHER,2,3,3,3,2,2,3,3,3,4,3,3,3,2,3,3,4,3,3,3,3,3,2,4,3,3,3,Student,mobile
153,65714,2,2,1,1,4,PANDA EXPRESS,3,3,4,4,4,4,4,4,4,5,4,4,5,5,5,5,3,5,5,5,5,3,3,5,4,4,4,Student,multiple.way
154,72015,2,2,1,1,12,CHICK-FIL-A,3,4,5,5,4,4,5,5,5,5,5,4,5,4,4,3,4,4,4,5,5,4,4,4,4,5,4,Student,friend.relative
155,72801,3,3,5,6,16,RAISING CANES,3,3,3,3,3,3,3,3,3,3,3,3,3,3,3,3,3,3,3,3,3,3,3,3,3,3,3,Student,friend.relative
156,72801,1,2,1,1,4,TACO BELL,6,4,5,4,3,4,4,4,5,5,4,4,5,4,4,4,4,5,4,4,3,3,4,5,4,5,5,Student,friend.relative
157,72801,1,1,4,3,135,MCDONALD'S,1,5,5,5,5,5,5,5,5,5,5,5,5,5,5,5,5,5,5,5,5,5,5,5,5,5,5,Student,multiple.way
158,72756,1,2,2,1,10,RAISING CANES,4,5,3,3,4,5,5,5,5,5,4,5,5,5,5,5,3,3,5,5,5,5,3,5,4,4,4,Student,friend.relative
159,72510,1,3,1,1,3,KFC,2,5,5,5,4,5,3,5,4,5,4,5,4,5,4,5,4,5,3,5,4,4,5,5,4,4,4,Student,multiple.way
160,71008,1,2,1,1,1,MCDONALD'S,2,5,5,5,5,5,5,5,5,5,5,5,5,5,5,5,5,5,5,5,5,5,5,5,5,5,5,Student,other
161,72801,2,2,1,1,4,CHICK-FIL-A,2,3,5,4,4,5,5,5,5,5,5,4,2,5,4,3,5,5,5,5,5,4,5,5,5,5,5,Student,friend.relative
162,72610,1,2,2,1,1,CHICK-FIL-A,2,5,3,3,5,5,5,5,5,5,5,5,2,5,3,4,5,5,5,5,5,5,5,5,5,5,5,Student,friend.relative
163,72616,1,2,2,1,1,CHICK-FIL-A,2,5,3,3,5,5,5,5,5,5,5,5,2,5,4,4,3,5,5,5,5,5,5,5,5,5,5,Student,friend.relative
164,72034,2,2,1,1,24,CHICK-FIL-A,2,3,4,3,2,2,5,4,4,4,4,4,4,4,1,1,3,3,3,3,3,3,1,2,2,3,2,Student,multiple.way
165,72801,2,2,1,1,24,MCDONALD'S,4,3,4,3,4,4,2,4,4,4,4,4,4,4,4,5,3,4,5,4,4,3,3,4,4,5,4,Student,sign
166,72762,1,3,2,1,10,SUBWAY,2,5,5,5,4,4,5,5,5,5,4,4,4,3,5,3,4,3,4,3,3,3,5,5,5,5,5,Student,friend.relative
167,72801,2,2,1,1,16,SLIM CHICKEN,2,1,3,5,5,5,5,5,5,2,2,5,4,5,1,1,1,1,3,2,5,5,1,5,3,5,2,Student,friend.relative
168,72801,1,2,1,1,16,NATHAN'S,2,4,5,5,5,4,4,5,5,5,3,4,4,5,5,4,2,3,4,4,1,2,1,5,4,4,5,Student,sign
169,72088,1,2,2,1,5,CHICK-FIL-A,2,5,5,5,5,5,5,5,5,5,5,5,5,5,5,5,5,5,5,5,5,5,5,5,5,5,5,Student,social.media
170,72801,2,1,1,1,8,CHICK-FIL-A,2,5,5,5,5,5,5,5,5,5,5,5,5,5,5,5,5,5,5,5,5,5,5,5,5,5,5,Student,other
171,72081,2,2,1,1,2,TACO BELL,2,3,4,4,3,3,3,3,3,3,3,3,3,3,3,3,3,3,3,3,3,3,3,3,3,3,3,Student,multiple.way
172,72801,2,2,1,1,12,POPEYE'S,2,4,4,4,4,4,4,4,4,4,4,4,4,4,4,4,4,4,4,4,4,4,4,4,4,4,4,Student,multiple.way
173,72801,1,3,1,1,10,CHICK-FIL-A,2,5,3,4,5,5,5,5,5,5,5,5,5,4,3,4,5,3,4,2,5,4,5,5,5,5,5,Student,multiple.way
174,71730,2,3,1,1,3,RAISING CANES,2,4,4,4,4,4,4,4,5,5,5,5,5,4,5,4,5,5,5,2,3,3,3,5,4,5,5,Student,friend.relative
175,72016,1,3,1,1,16,WENDY'S,3,4,4,4,4,4,4,4,4,4,4,4,4,4,4,4,4,4,4,4,4,4,4,4,5,5,5,Student,TV.ad
176,72653,1,2,1,1,10,FIVE GUYS,1,3,5,3,4,5,3,3,5,5,2,2,5,5,5,5,3,5,5,5,3,3,3,5,4,5,3,Student,multiple.way
177,72801,1,2,1,1,3,ARBY'S,5,4,5,5,5,5,4,4,5,5,5,4,4,5,5,3,5,5,3,4,5,3,2,4,5,5,5,Student,other
178,72830,1,2,1,1,16,SUBWAY,3,4,5,5,4,4,5,3,5,5,5,3,4,5,5,3,2,5,2,3,1,3,4,5,4,4,3,Student,friend.relative
179,72837,2,2,1,1,4,OTHER,3,3,3,2,3,3,3,3,3,3,3,3,3,3,3,3,3,3,3,3,3,3,3,3,3,3,3,Student,multiple.way
180,72801,1,2,1,1,6,SONIC,2,4,4,4,4,4,4,4,4,4,4,4,4,4,4,4,4,4,4,4,4,4,4,2,5,5,5,Student,other
181,72936,1,2,2,1,5,TACO BELL,1,3,4,4,2,2,2,3,4,4,4,3,4,2,3,3,4,3,4,3,4,4,2,2,4,4,3,Student,sign
182,72801,1,2,1,1,12,TROPICAL SMOOTHIE,2,5,5,5,5,5,5,5,5,5,5,5,5,5,5,5,5,5,5,5,5,5,5,5,5,5,5,Student,drive
183,77573,1,2,1,1,8,TROPICAL SMOOTHIE,3,5,5,5,5,5,5,5,5,5,5,5,5,5,5,5,5,5,5,5,5,5,5,5,5,5,5,Student,friend.relative
184,72086,1,2,4,1,2,POPEYE'S,4,4,5,4,4,5,4,5,3,4,4,4,5,2,4,4,5,3,4,4,5,5,4,5,5,4,5,Student,multiple.way
185,72601,1,2,1,1,5,POPEYE'S,1,3,4,5,3,3,3,3,5,5,4,3,4,5,5,4,3,5,4,5,3,3,3,3,4,4,4,Student,friend.relative
186,72801,1,2,3,1,8,TACO BELL,2,5,4,4,4,4,5,5,5,5,5,5,5,5,5,5,4,5,5,5,4,4,2,5,5,5,4,Student,drive
187,72801,1,2,3,1,8,MCDONALD'S,2,4,3,3,2,2,3,1,3,4,4,4,5,5,5,5,5,3,5,5,5,3,1,3,5,5,5,Student,multiple.way
188,72801,1,2,1,1,5,ZAXBY'S,4,5,4,5,4,4,4,4,5,5,4,3,3,4,4,3,2,4,4,4,2,2,3,4,5,4,4,Student,friend.relative
189,72943,2,2,5,1,4,TACO BELL,4,3,3,3,2,2,4,3,4,4,3,4,4,3,4,3,4,4,4,4,4,4,4,4,4,4,3,Student,sign
190,81631,1,2,1,1,8,RAISING CANES,2,4,4,4,4,4,5,5,5,5,4,3,4,2,5,4,3,2,2,2,2,2,2,5,5,5,5,Student,friend.relative
191,72106,1,2,5,1,10,POPEYE'S,1,5,5,5,3,3,3,4,5,5,4,4,4,3,4,4,3,4,3,1,3,2,2,4,5,5,5,Student,friend.relative
192,72227,2,2,1,1,16,SONIC,3,5,5,5,2,4,3,4,5,5,3,4,5,3,5,1,5,3,4,5,5,5,5,5,5,5,5,Student,sign
193,72801,2,2,5,2,5,DOMINO'S PIZZA,1,5,5,5,5,5,5,5,5,5,4,5,4,5,5,4,5,4,5,5,5,5,5,4,5,5,5,Student,TV.ad
194,72543,1,2,2,1,8,TACO BELL,2,5,5,5,5,4,4,5,5,5,5,4,5,5,5,5,5,4,5,5,5,4,2,5,5,5,5,Student,drive
195,72801,2,2,3,1,5,MCDONALD'S,3,3,3,3,2,3,3,3,3,3,3,3,3,3,3,3,3,5,5,5,5,5,1,5,5,5,5,Student,drive
196,72823,2,2,3,1,12,WENDY'S,2,4,4,4,4,3,5,3,5,5,5,5,5,4,5,4,5,5,5,5,5,3,3,5,5,5,5,Student,TV.ad
197,72455,1,2,4,1,4,SUBWAY,3,4,4,3,2,2,3,3,4,4,3,3,5,3,3,2,5,4,4,4,4,5,4,4,4,5,4,Student,sign
198,72781,1,2,2,1,1,FREDDY'S,6,5,5,4,4,4,4,5,5,4,4,3,4,4,4,3,4,4,4,4,5,3,1,4,5,5,4,Student,drive
199,75254,1,2,2,1,2,WHATTABURGER,1,3,5,3,4,4,4,3,4,5,5,5,5,5,5,4,3,4,3,5,5,5,1,5,5,5,5,Student,drive
200,72801,2,2,1,1,5,TACO BELL,1,3,4,5,3,3,4,2,5,5,3,2,3,5,5,2,1,2,4,3,3,1,1,4,4,4,3,Student,drive
201,72801,1,2,4,1,2,TACO BELL,6,3,4,2,4,5,4,4,3,4,4,3,5,5,5,4,5,5,5,5,5,3,3,5,4,4,5,Student,TV.ad
202,72801,1,2,2,1,1,WHATTABURGER,1,5,5,4,4,5,5,5,5,4,4,4,5,4,4,2,3,5,4,5,3,5,3,4,5,5,5,Student,other
203,72801,1,2,1,1,4,TACO BELL,1,4,4,3,3,3,5,4,5,5,3,4,5,4,5,3,4,4,4,5,5,3,3,4,4,5,4,Student,drive
204,72801,1,2,1,1,4,MCDONALD'S,1,4,5,5,4,3,4,4,5,5,5,5,5,4,4,5,5,5,5,5,5,3,2,4,5,5,5,Student,drive
205,72801,2,2,1,1,4,MCDONALD'S,1,5,5,5,5,4,3,4,5,5,5,4,5,5,5,5,4,5,5,5,5,3,1,5,5,5,5,Student,sign
206,72801,1,3,2,1,5,TACO BELL,4,5,5,4,4,5,5,4,4,5,5,5,5,3,4,4,3,5,5,5,4,3,2,5,5,5,5,Student,multiple.way
207,72801,2,2,1,1,20,MCDONALD'S,4,4,5,3,4,4,4,4,5,5,5,5,4,4,4,3,4,4,4,4,4,4,4,4,4,5,4,Student,sign
208,72801,2,2,2,1,4,MCDONALD'S,1,5,5,5,4,4,3,3,5,5,4,3,5,5,5,4,5,5,4,5,5,4,2,4,5,5,4,Student,drive
209,72834,1,2,4,1,20,WENDY'S,2,3,5,4,4,4,4,4,5,5,5,4,5,4,5,3,3,4,4,4,4,3,3,4,4,5,3,Student,friend.relative
210,72863,2,3,3,1,12,WENDY'S,2,3,5,2,4,5,5,5,4,5,5,3,5,2,5,2,5,4,4,5,5,3,4,5,4,5,5,Student,drive
211,72653,2,2,4,1,5,MCALISTERS,6,5,5,5,5,5,5,5,5,5,5,5,5,5,5,5,5,5,5,5,5,5,5,5,5,5,5,Student,friend.relative
212,72801,1,2,2,2,12,TACO BELL,1,5,5,5,5,5,3,3,5,5,5,3,5,5,4,4,3,5,5,5,3,3,3,5,4,5,5,Student,multiple.way
213,72802,2,2,3,1,12,CHICK-FIL-A,4,5,5,4,5,5,5,5,5,5,5,5,5,5,5,5,5,5,4,4,4,4,5,5,5,5,5,Student,drive
214,72837,2,2,3,1,10,CHICK-FIL-A,2,4,4,4,5,5,5,5,5,5,5,5,5,5,5,5,5,5,5,4,5,5,5,5,5,5,5,Student,drive
215,72908,2,2,3,1,4,TACO BELL,2,4,4,4,3,3,4,4,5,5,2,4,5,2,4,4,5,5,4,5,5,2,1,4,5,5,5,Student,drive
216,72834,2,2,3,1,12,TACO BELL,2,5,5,5,5,4,4,3,5,5,4,3,5,4,4,4,3,4,4,4,3,3,4,5,5,5,5,Student,drive
217,72834,2,2,2,1,12,WENDY'S,2,4,4,3,3,2,4,4,5,5,5,3,5,4,5,5,3,5,4,4,4,4,3,5,5,5,5,Student,multiple.way
218,72865,1,2,1,1,8,POPEYE'S,5,4,4,4,4,5,5,4,5,5,5,4,5,4,5,4,3,3,3,5,5,4,3,5,5,5,5,Student,multiple.way
219,72802,2,2,2,1,12,CHICK-FIL-A,2,4,5,5,5,5,5,4,5,5,5,5,5,4,5,5,5,3,5,5,5,2,4,4,5,5,5,Student,friend.relative
220,72802,1,2,2,1,12,DAVID'S BURGERS,6,5,5,5,5,5,5,5,5,5,5,5,5,5,5,4,3,5,4,3,3,3,3,5,5,5,5,Student,drive
221,72086,2,2,2,1,5,MCDONALD'S,2,3,5,3,1,3,3,3,1,1,1,1,1,1,1,3,1,1,1,3,3,3,4,1,4,3,5,Student,friend.relative
222,72801,2,2,1,1,2,KFC,2,3,4,3,3,3,5,4,4,5,5,5,5,4,2,4,4,3,3,5,5,4,2,4,4,4,4,Student,multiple.way
223,72801,2,2,2,1,16,MCDONALD'S,4,3,5,5,5,5,5,5,5,5,4,5,5,5,3,5,2,4,5,5,5,4,5,5,4,4,4,Student,friend.relative
224,72830,2,2,3,1,16,WENDY'S,2,4,5,5,3,3,4,4,5,5,5,4,4,3,5,5,4,5,5,5,5,5,5,5,5,5,5,Student,friend.relative
225,72801,2,2,5,1,4,TROPICAL SMOOTHIE,2,4,5,3,5,3,3,3,4,4,3,3,4,2,4,3,4,3,3,4,2,2,4,4,4,4,5,Student,friend.relative
226,72206,2,2,3,1,24,CHICK-FIL-A,1,5,3,3,5,5,5,5,5,5,5,5,1,5,5,5,5,5,5,5,5,5,5,5,4,5,5,Student,sign
227,72801,1,3,1,1,12,TACO BELL,2,4,5,5,2,2,3,3,5,5,5,3,5,4,3,5,5,5,5,5,5,5,3,5,5,5,1,Student,multiple.way
228,72801,1,2,1,1,6,TACO BELL,1,4,5,5,2,2,4,3,5,5,5,3,5,5,5,5,5,5,5,5,5,3,5,4,5,5,4,Student,sign
229,72638,1,2,1,1,10,TACO BELL,6,4,5,5,4,4,3,4,5,5,4,5,5,4,3,4,5,4,3,2,5,5,4,5,4,5,4,Student,TV.ad
230,72801,1,2,4,1,4,TACO BELL,6,4,4,3,4,3,4,3,5,5,5,3,5,4,4,5,3,5,4,5,5,4,1,4,5,5,5,Student,TV.ad
231,72921,1,2,2,1,24,CHICK-FIL-A,2,3,3,3,3,3,3,3,3,3,3,3,3,3,3,3,3,3,3,3,3,3,3,3,4,5,4,Student,sign
232,72802,2,2,1,1,4,TROPICAL SMOOTHIE,3,5,5,5,5,5,5,5,5,5,5,5,4,5,4,4,5,4,4,4,4,4,5,5,5,5,5,Student,drive
233,72801,1,2,3,1,4,CHICK-FIL-A,1,5,5,4,5,4,5,5,5,5,5,5,5,4,5,5,4,5,5,4,5,4,5,5,5,5,5,Student,drive
234,72801,1,3,3,1,8,SUBWAY,2,5,5,5,4,4,4,4,4,5,4,4,4,4,4,4,4,4,3,3,5,4,5,4,5,5,5,Student,drive
235,72801,1,1,1,1,30,TACO BELL,4,5,5,5,5,5,5,5,5,5,5,5,5,5,5,5,5,5,5,5,5,5,5,5,5,5,5,Student,multiple.way
236,75802,1,2,1,1,28,ZAXBY'S,4,5,5,3,4,4,5,5,5,5,5,5,5,5,2,3,1,2,3,5,1,2,3,5,5,5,5,Student,multiple.way
237,72807,1,2,1,1,4,CHICK-FIL-A,1,4,4,4,5,5,5,5,5,5,5,4,5,5,5,5,3,5,5,5,5,2,5,5,5,5,5,Student,friend.relative
238,72834,1,2,2,1,6,BURGER KING,1,3,5,5,3,3,3,3,4,3,4,3,4,3,3,3,4,4,4,4,4,4,3,4,4,3,2,Student,TV.ad
239,72801,1,2,1,1,8,BURGER KING,1,5,5,4,4,3,4,4,4,5,4,5,5,4,5,5,4,5,3,3,4,5,2,5,5,5,4,Student,multiple.way
240,72801,2,2,1,1,6,MCDONALD'S,5,3,4,2,4,4,4,4,4,4,4,4,4,4,4,4,5,5,4,5,4,2,2,4,4,4,4,Student,multiple.way
241,72135,2,2,1,1,16,MCDONALD'S,2,4,5,4,3,4,2,4,5,5,5,5,5,5,5,5,5,5,5,5,5,5,4,5,5,5,5,Student,sign
242,72801,2,2,4,1,2,POPEYE'S,3,4,4,4,4,3,4,4,5,5,5,5,5,2,4,3,4,3,4,5,2,3,3,2,2,5,4,Student,multiple.way
243,72801,1,2,1,1,8,TACO BELL,6,4,4,5,5,4,5,5,4,5,4,4,5,3,5,4,3,4,4,5,5,3,2,5,5,5,4,Student,multiple.way
244,72016,1,2,3,1,4,ZAXBY'S,1,5,5,5,5,4,4,5,5,5,4,4,3,4,5,3,3,4,4,4,5,3,2,5,5,5,4,Student,multiple.way
245,72855,2,2,2,1,12,CHICK-FIL-A,2,2,3,2,1,3,1,3,4,4,4,4,4,4,4,4,3,2,3,3,3,3,1,3,3,3,3,Student,other
246,72801,1,2,1,1,8,WENDY'S,1,5,5,5,5,5,5,5,5,5,5,4,4,5,5,3,5,5,3,5,5,4,3,5,4,5,5,Student,sign
247,72801,1,2,2,1,4,TROPICAL SMOOTHIE,1,4,5,4,5,3,4,4,5,5,5,5,5,5,5,2,4,4,3,5,5,4,5,5,4,5,5,Student,sign
248,72801,1,2,1,1,20,MCDONALD'S,1,4,4,4,4,4,4,4,3,1,3,1,5,3,4,5,5,5,5,5,5,3,3,3,4,4,3,Student,drive
249,72801,2,2,3,4,12,OTHER,4,5,5,5,4,5,5,4,5,4,4,3,4,2,5,4,2,5,5,5,3,1,5,5,5,5,5,Student,friend.relative
250,72212,1,3,1,1,16,CHIPOTLE,1,5,5,5,5,5,5,5,5,5,5,5,5,5,5,5,1,5,5,5,1,5,5,5,1,5,5,Student,friend.relative
251,72801,1,2,4,1,30,CHICK-FIL-A,1,5,4,2,3,4,4,5,5,5,5,5,5,3,5,4,5,3,4,5,2,2,4,5,5,5,5,Student,friend.relative
252,72114,1,2,2,1,20,MCDONALD'S,4,4,4,5,4,3,5,4,5,4,3,4,5,4,4,2,3,2,5,4,5,4,5,4,4,4,4,Student,multiple.way
253,70546,1,2,1,1,50,CHILI'S,4,3,3,3,4,5,4,4,5,3,4,4,5,3,3,3,3,5,3,4,3,1,4,4,4,2,3,Student,friend.relative
254,72834,2,3,2,1,4,OTHER,2,5,2,2,5,5,5,5,5,5,3,5,5,4,3,5,5,5,5,5,4,5,5,5,5,5,5,Student,multiple.way
255,72802,2,2,4,1,16,CHICK-FIL-A,3,5,5,4,5,4,4,4,5,5,5,5,5,5,5,5,4,5,5,5,4,5,5,5,5,5,5,Student,social.media
256,72801,1,2,3,1,8,DAIRY QUEEN,1,4,5,5,4,3,4,4,5,5,5,5,5,4,4,5,3,4,5,4,5,5,3,5,5,5,5,Student,TV.ad
257,71913,1,2,1,1,6,FIREHOUSE SUBS,4,4,5,5,3,4,4,3,5,5,4,4,5,4,3,4,3,4,4,4,3,3,4,4,5,5,5,Student,sign
258,72801,1,2,1,1,24,CHICK-FIL-A,5,5,5,3,5,4,3,3,4,5,5,4,5,4,4,5,5,5,5,5,1,3,5,5,5,5,5,Student,sign
259,72204,2,2,1,1,8,CHICK-FIL-A,1,3,4,2,2,4,1,2,4,4,4,3,3,2,1,3,3,3,3,3,2,3,2,4,3,3,2,Student,multiple.way
260,72116,2,3,2,1,8,IHOP,3,3,5,4,3,4,4,3,5,5,4,3,4,3,4,3,2,3,3,4,2,3,4,5,4,5,5,Student,drive
261,72675,2,3,3,1,12,SONIC,2,5,5,5,5,5,5,3,5,5,4,4,5,3,5,5,5,5,5,4,5,5,2,5,5,5,5,Student,social.media
262,72120,1,2,1,1,4,SONIC,4,4,3,3,2,4,5,5,4,5,3,3,5,2,5,3,3,4,5,4,4,5,5,5,5,4,5,Student,drive
263,72103,2,2,2,1,2,TACO BELL,3,4,4,3,4,3,3,3,4,4,3,3,5,3,3,3,3,3,4,4,4,4,3,5,5,5,5,Student,TV.ad
264,72204,1,2,2,1,8,SONIC,1,3,3,3,3,4,4,4,2,3,3,3,4,2,1,3,2,3,1,3,3,2,2,2,3,4,3,Student,TV.ad
265,72802,1,2,3,1,12,TACO BUENO,1,3,1,1,3,4,4,4,5,5,5,3,5,4,5,4,3,4,4,4,5,3,2,4,4,4,4,Student,drive
266,72756,1,2,3,1,4,TACO BELL,3,4,5,5,4,4,5,5,5,5,5,5,5,4,5,4,5,5,3,4,5,3,4,4,5,5,3,Student,multiple.way
268,72022,2,2,1,1,24,SUBWAY,4,5,5,3,2,3,5,5,5,5,5,4,2,4,4,5,5,5,5,5,5,5,5,5,5,5,5,Student,drive
269,72801,2,2,2,1,20,TACO BELL,3,4,3,2,3,3,3,3,5,5,3,5,5,3,3,4,3,4,5,5,5,3,2,5,4,5,5,Student,other
270,72810,2,2,1,1,12,TACO BELL,2,3,5,3,4,5,5,4,5,5,4,2,5,4,5,4,5,2,3,3,3,3,4,4,3,5,5,Student,friend.relative
271,76031,2,3,1,1,24,CHICK-FIL-A,4,5,3,3,4,3,3,3,5,5,3,3,4,3,5,3,2,4,5,3,3,4,4,5,5,5,5,Student,multiple.way
272,76031,2,2,1,1,20,CHICK-FIL-A,4,4,5,5,3,3,4,5,4,5,5,5,4,3,4,3,3,2,4,4,5,2,1,4,4,5,5,Student,multiple.way
273,72712,2,3,1,1,20,MCDONALD'S,4,4,4,4,5,2,4,2,5,5,4,2,5,5,5,5,1,5,2,3,5,5,1,5,5,5,2,Student,friend.relative
274,72801,2,2,1,1,12,MCDONALD'S,3,4,4,4,4,4,5,4,2,5,5,5,5,2,4,5,5,5,5,5,5,5,1,5,5,5,5,Student,friend.relative
275,72801,2,2,1,1,20,CHICK-FIL-A,4,4,5,5,3,3,3,5,5,5,5,4,5,4,5,3,4,4,4,4,5,4,3,4,3,4,3,Student,other
276,71998,1,2,1,1,12,WENDY'S,3,4,4,5,3,4,4,4,5,5,4,4,5,4,5,4,3,4,3,4,4,3,3,3,4,5,4,Student,friend.relative
277,72801,2,2,1,1,20,SUBWAY,3,3,4,5,3,3,5,4,5,5,4,3,5,5,5,4,3,3,3,5,5,4,2,3,4,4,5,Student,TV.ad
278,72801,2,2,1,1,28,SONIC,4,4,5,3,3,2,2,4,5,5,5,3,4,3,4,3,5,5,5,5,5,4,4,5,4,4,4,Student,drive
279,72801,1,2,3,1,20,WHATTABURGER,1,4,3,1,2,4,4,4,5,5,5,5,5,5,5,4,5,5,4,5,5,4,3,5,5,5,5,Student,News.ad
280,72802,1,2,1,1,4,ZAXBY'S,3,4,4,3,3,3,4,3,5,5,5,3,3,4,4,4,5,5,5,5,4,4,4,5,5,4,4,Student,friend.relative
281,72687,2,2,1,1,8,POPEYE'S,2,3,5,5,5,3,2,3,3,5,2,5,5,3,4,5,1,5,5,5,5,5,5,5,5,5,5,Student,sign
282,72118,1,2,2,1,4,TACO BELL,4,5,4,4,4,4,5,5,5,5,5,5,5,4,5,5,5,5,5,5,4,4,4,5,5,5,4,Student,multiple.way
283,72903,2,2,2,1,3,TACO BELL,3,3,4,4,4,4,5,5,5,5,5,5,5,5,5,4,3,4,4,5,5,3,3,4,4,4,4,Student,drive
284,72801,1,2,4,1,16,ZAXBY'S,4,4,4,3,4,3,3,3,5,5,5,4,4,4,5,4,3,5,5,3,4,3,3,4,5,5,5,Student,friend.relative
285,72837,1,2,4,1,32,WHATTABURGER,1,3,3,2,3,4,4,4,4,4,4,4,3,3,3,3,3,4,4,4,4,4,3,3,4,4,3,Student,sign
286,72801,1,2,3,1,20,SONIC,6,4,3,3,4,4,4,4,5,5,5,5,5,4,4,4,3,4,3,3,2,5,3,5,5,5,4,Student,drive
287,72801,1,2,3,1,20,TACO BELL,1,3,5,5,4,3,4,4,5,5,5,3,5,5,5,5,3,4,4,5,5,4,3,4,5,5,3,Student,drive
288,72023,1,2,1,1,12,CHICK-FIL-A,2,4,4,4,5,4,4,4,5,4,4,3,4,3,4,4,3,5,4,4,3,3,2,5,5,5,5,Student,friend.relative
289,72802,2,2,4,1,16,POPEYE'S,2,4,5,5,5,4,5,4,5,5,5,5,5,5,5,4,3,5,5,5,5,5,5,5,5,5,5,Student,drive
290,72801,2,2,4,1,4,STEAK N SHAKE,1,3,3,3,3,4,4,4,5,5,5,5,5,5,5,3,3,4,4,4,5,5,3,4,5,4,4,Student,drive
291,71667,2,2,1,1,4,TACO BELL,3,4,4,3,3,3,3,3,2,5,3,3,5,3,3,4,2,4,3,3,5,3,3,3,3,5,4,Student,friend.relative
292,72802,1,2,2,1,8,CHICK-FIL-A,2,3,3,3,3,3,3,3,5,5,3,3,3,3,3,3,3,3,3,3,3,3,3,3,4,4,4,Student,TV.ad
293,72756,2,3,3,1,8,SLIM CHICKEN,1,4,4,3,4,5,5,5,5,5,5,5,5,4,5,5,5,5,5,5,5,5,5,5,5,5,5,Student,drive
294,72079,1,2,2,1,12,KFC,1,3,3,3,3,3,3,3,3,3,3,3,3,3,3,3,3,3,3,3,3,3,3,3,5,5,5,Student,sign
295,72940,2,2,1,1,6,CHICK-FIL-A,1,5,5,5,5,5,5,5,5,5,5,5,5,4,5,4,5,5,5,5,5,5,5,5,5,5,5,Student,drive
296,72801,1,2,1,1,28,WHICH WICH,2,5,5,5,5,5,5,4,5,5,5,5,5,2,5,5,5,5,5,5,1,5,5,5,5,5,5,Student,other
297,72811,1,2,1,1,6,TACO BELL,5,5,5,5,5,5,5,5,5,5,4,3,5,4,5,5,5,5,5,5,5,5,5,5,5,5,5,Student,friend.relative
298,73150,2,3,2,1,6,MCDONALD'S,2,4,4,4,4,3,5,4,4,4,5,2,5,3,4,4,5,2,3,4,5,4,5,4,4,5,4,Student,drive
299,72801,1,2,1,1,28,MCDONALD'S,5,5,5,5,5,5,5,5,5,5,5,5,5,5,5,5,5,5,5,5,5,5,5,5,5,5,5,Student,friend.relative
300,72837,1,2,1,1,6,WENDY'S,1,4,5,5,3,3,2,3,5,5,5,3,5,4,2,3,5,5,3,5,3,3,4,3,4,3,3,Student,drive
301,72802,1,1,2,3,20,CHICK-FIL-A,5,4,4,4,4,5,4,4,5,5,5,3,4,4,4,3,3,4,4,4,4,3,3,5,5,5,4,Student,other
302,72802,1,2,5,2,8,TACO BELL,2,5,5,5,5,4,3,2,5,5,5,5,5,5,4,5,5,5,5,5,5,4,2,5,5,5,4,Student,sign
303,72802,2,2,4,1,40,MCDONALD'S,4,4,3,3,4,3,4,5,4,5,3,3,5,2,3,4,5,5,4,3,3,5,2,3,4,5,4,Student,multiple.way
304,72837,2,1,4,2,36,FREDDY'S,2,5,3,3,5,5,5,5,5,5,5,3,3,3,5,3,3,3,3,3,5,3,3,5,5,5,5,Student,drive
305,72801,2,1,3,1,16,MCDONALD'S,1,3,4,2,3,3,3,3,4,4,2,3,5,2,5,5,3,5,5,3,2,4,1,4,4,5,3,Student,drive
306,72801,2,2,1,1,8,WENDY'S,2,5,4,3,4,3,4,4,4,5,3,2,5,3,2,4,3,4,3,3,3,4,2,3,5,5,5,Student,sign
307,72801,2,2,2,1,4,ARBY'S,1,2,2,3,4,3,2,4,3,2,4,3,3,2,3,5,4,4,3,3,5,4,4,3,3,3,2,Student,drive
308,72801,2,1,4,1,20,CHICK-FIL-A,3,5,5,5,5,5,5,5,5,5,5,5,5,5,5,5,5,5,5,5,5,5,5,5,5,5,5,Student,friend.relative
309,72802,2,2,4,2,16,ARBY'S,1,2,4,2,4,4,4,4,4,4,4,4,4,4,4,4,2,4,4,4,4,4,4,4,5,5,5,Student,drive
310,72801,2,2,5,2,8,OTHER,2,4,5,5,4,4,4,4,4,4,4,4,4,5,4,4,3,4,3,4,4,3,3,3,4,4,3,Student,friend.relative
311,72801,1,2,3,1,1,POPEYE'S,1,4,4,5,5,3,3,4,1,4,4,4,5,4,3,4,4,4,4,5,4,4,4,5,4,3,4,Student,drive
312,72801,2,2,3,1,2,MCDONALD'S,2,4,4,4,4,5,4,4,3,3,5,4,4,4,4,3,4,3,5,5,5,4,2,4,4,3,3,Student,multiple.way
313,72801,2,1,3,1,2,WENDY'S,2,4,4,3,4,4,4,3,4,4,4,3,5,3,4,4,5,5,4,5,5,5,5,4,4,4,3,Student,social.media
1,72801,1,1,6,5,2,QUIZNO'S,2,5,5,5,5,5,5,5,5,5,5,5,5,5,5,4,3,5,4,4,3,4,4,4,5,5,5,Other,other
2,72857,2,1,6,3,8,WENDY'S,2,3,4,4,3,3,4,3,4,4,3,3,4,4,4,3,3,4,4,4,4,2,4,4,4,4,4,Other,friend.relative
3,72837,1,3,6,5,10,WENDY'S,5,3,5,3,2,2,5,3,5,5,5,5,4,4,4,4,5,5,4,3,4,3,2,3,5,4,5,Other,social.media
4,72811,2,1,6,2,8,STEAK N SHAKE,6,3,3,3,3,2,3,3,3,3,3,2,3,2,3,3,3,3,3,3,2,3,3,3,3,4,3,Health Care,coupons
5,72834,1,3,6,6,27,SUBWAY,1,3,2,2,3,3,4,3,4,3,4,4,3,1,3,3,3,4,4,3,1,3,4,4,3,4,4,Unemployed,sign
6,72801,1,1,6,4,4,TACO JOHN'S,4,4,4,4,4,4,4,4,4,4,4,4,4,4,4,4,4,4,4,4,4,4,4,4,4,4,4,Manual Laborer/Maintenance/Driver,drive
7,72801,1,1,6,3,8,SUBWAY,2,5,4,4,4,5,5,5,5,5,5,5,4,4,5,5,3,4,5,3,3,3,5,4,5,5,3,Law Enforcement/Attorney/Military,TV.ad
8,72802,2,1,6,1,4,ARBY'S,5,3,4,4,2,2,1,2,1,3,2,3,3,2,3,2,3,3,3,3,3,3,3,3,3,2,2,Customer Service/Sales,TV.ad
9,72802,2,2,6,2,12,DAIRY QUEEN,2,1,3,4,1,3,4,4,3,3,4,3,3,4,3,3,3,3,3,3,3,3,2,3,1,3,3,Customer Service/Sales,drive
10,72801,2,1,6,4,8,TACO BELL,3,4,4,2,2,3,4,3,5,5,3,3,5,4,3,4,5,4,4,4,4,3,2,4,3,3,3,Customer Service/Sales,drive
11,72802,1,3,6,6,8,TACO JOHN'S,2,4,4,3,4,3,3,3,3,3,3,3,4,3,4,3,3,3,3,3,3,4,3,4,4,4,4,Manual Laborer/Maintenance/Driver,social.media
12,72834,1,1,6,3,4,ARBY'S,1,4,5,5,4,4,4,3,5,5,4,3,3,4,4,4,5,5,5,4,5,3,3,4,4,5,4,Health Care,drive
13,72837,1,2,6,3,24,TACO BELL,6,3,3,2,2,2,3,1,3,3,3,3,4,3,1,3,3,3,4,2,1,3,3,4,3,3,3,Law Enforcement/Attorney/Military,drive
14,72801,2,2,6,1,12,WENDY'S,2,4,5,5,4,5,5,5,5,5,5,5,5,5,5,5,5,5,5,5,5,5,3,5,5,5,5,Office Job,drive
15,72801,2,2,6,2,4,CHICK-FIL-A,3,5,5,5,5,5,5,5,5,5,5,5,5,5,5,5,5,5,5,5,5,5,3,5,5,5,5,Office Job,drive
16,72837,2,2,6,3,8,POPEYE'S,1,4,3,3,5,3,2,1,2,5,5,4,3,5,2,3,5,5,4,5,5,4,5,2,3,4,3,Educator,friend.relative
17,72821,2,2,6,5,7,SUBWAY,4,5,5,4,5,5,5,4,4,5,5,4,5,4,5,4,4,4,5,5,5,4,5,4,4,5,5,Other,social.media
18,72837,2,1,6,4,5,TACO BELL,5,4,4,4,4,5,4,5,4,4,5,4,3,4,5,4,5,5,4,4,3,3,4,5,4,5,4,Educator,drive
19,72801,1,3,6,3,8,CHICK-FIL-A,3,3,4,2,3,4,5,5,3,5,4,4,2,3,3,5,2,3,5,3,5,5,4,2,5,5,5,Law Enforcement/Attorney/Military,friend.relative
20,72801,1,1,6,4,12,MCDONALD'S,2,2,3,1,2,2,3,1,4,2,1,2,3,1,2,4,3,4,5,2,2,1,1,2,4,2,3,Other,other
21,72801,2,3,6,2,20,CHICK-FIL-A,2,4,4,4,4,4,4,4,5,4,4,4,4,5,4,4,5,5,5,5,5,5,5,4,5,5,5,Educator,drive
22,72837,2,2,6,2,30,KFC,4,3,3,4,3,2,3,4,3,4,4,3,3,4,3,3,3,4,3,2,2,2,2,3,4,3,3,Office Job,drive
23,72802,2,1,6,2,20,SONIC,2,4,3,4,4,4,5,5,5,5,4,5,2,2,4,4,3,5,5,5,5,3,2,4,5,5,5,Unemployed,drive
24,72837,1,2,6,2,16,CHICK-FIL-A,2,4,4,4,4,3,5,3,3,4,5,4,2,2,2,4,3,3,4,5,5,4,2,3,4,4,3,Customer Service/Sales,drive
25,72801,2,1,6,6,2,ZAXBY'S,2,3,3,4,3,3,3,4,2,3,3,5,4,3,3,2,2,3,5,5,3,4,3,3,4,3,3,Unemployed,coupons
26,72801,1,2,6,3,20,TACO BELL,1,5,5,5,5,5,5,5,5,5,5,5,5,5,5,5,5,5,5,5,5,5,5,5,5,5,5,Management,sign
27,72837,1,1,6,4,4,WENDY'S,4,4,4,4,3,4,4,3,4,4,4,4,3,4,4,3,3,4,3,5,4,4,3,4,4,5,5,Law Enforcement/Attorney/Military,friend.relative
28,72834,2,2,6,3,16,MCALISTERS,1,5,3,2,3,4,4,3,2,3,3,2,4,2,5,3,3,4,3,2,1,3,4,4,4,4,4,Other,drive
29,72802,1,1,6,3,8,TROPICAL SMOOTHIE,1,3,3,3,3,3,3,3,3,3,3,3,3,3,3,3,3,3,3,5,5,3,5,5,3,3,3,Law Enforcement/Attorney/Military,mobile
30,72802,2,1,6,3,4,CHICK-FIL-A,3,5,3,3,5,5,5,5,5,5,5,5,2,5,5,5,5,5,5,5,5,5,5,5,5,5,5,Educator,friend.relative
31,72802,1,1,6,2,12,WENDY'S,2,4,4,4,4,4,5,4,4,4,5,4,5,4,5,5,5,5,5,5,5,3,3,5,5,5,5,Clerical,drive
32,72802,2,1,6,3,12,CHICK-FIL-A,1,5,4,4,5,5,5,5,5,5,5,5,5,4,5,5,5,5,5,5,5,5,5,5,5,5,5,Health Care,other
33,72801,2,2,6,2,4,MCDONALD'S,6,3,3,3,3,3,3,4,2,3,3,2,5,3,3,4,5,3,3,3,3,3,3,3,3,5,5,Customer Service/Sales,friend.relative
34,72601,2,2,6,6,12,DAIRY QUEEN,1,3,3,3,3,3,3,5,5,5,5,5,5,5,4,4,4,4,4,4,4,4,4,4,5,5,5,Unemployed,multiple.way
35,72211,2,2,6,5,44,LITTLE CAESARS,2,4,4,4,5,5,4,4,4,4,5,5,5,5,5,5,3,4,5,4,4,5,3,4,5,4,4,Management,flyer
36,72211,2,1,6,4,24,CHICK-FIL-A,1,5,5,4,5,5,5,5,5,5,5,5,4,5,5,5,5,5,5,5,5,5,5,5,5,5,5,Health Care,sign
37,63109,1,1,6,4,2,SUBWAY,1,4,4,4,4,3,3,3,4,5,4,4,4,3,4,4,3,4,3,5,3,3,4,4,4,4,2,Educator,multiple.way
38,72802,1,2,6,3,48,TACO BELL,1,3,3,5,3,3,3,3,5,5,5,3,5,5,3,3,3,3,3,3,3,3,3,3,3,5,3,Educator,drive
39,72837,2,1,6,2,2,CHICK-FIL-A,1,5,5,5,5,5,5,5,5,5,5,5,5,5,5,4,5,5,5,5,5,4,5,5,5,5,5,Office Job,multiple.way
40,72801,1,2,6,5,15,OTHER,2,2,2,2,1,4,4,3,2,4,2,2,4,3,4,3,3,2,2,3,3,1,1,4,3,3,1,Educator,sign
41,72802,2,1,6,5,1,BURGER KING,2,4,4,5,4,3,4,3,5,5,5,4,4,4,5,4,3,4,4,5,3,5,1,5,5,5,4,Unemployed,coupons
42,72802,1,1,6,4,4,BURGER KING,1,3,3,5,3,5,5,5,5,5,5,5,5,5,5,4,3,5,4,4,3,5,3,5,5,5,5,Educator,coupons
43,72801,1,2,6,2,1,KFC,1,2,5,5,2,3,4,3,5,5,5,5,5,5,5,5,1,1,5,5,5,1,2,5,5,5,4,Educator,sign
44,72801,1,1,6,2,2,OTHER,3,3,4,4,4,4,4,4,4,3,3,3,3,3,4,3,3,3,3,4,3,3,3,3,4,3,3,Educator,friend.relative
45,72801,2,2,6,6,3,POPEYE'S,1,3,2,2,2,2,3,3,4,5,4,3,5,5,5,5,4,2,3,4,5,3,1,5,4,4,4,Educator,drive
46,72801,1,1,6,2,8,ARBY'S,2,5,4,4,5,5,5,5,5,5,4,4,4,4,2,4,4,2,4,5,5,2,4,2,5,4,4,Educator,billboard
47,72801,2,1,6,5,2,MCALISTERS,4,4,4,4,3,4,5,4,4,4,4,4,5,3,5,3,3,2,4,4,3,3,2,3,4,3,3,Educator,friend.relative
48,72802,2,1,6,2,1,MCALISTERS,1,4,4,4,4,4,4,4,4,4,4,4,5,4,4,4,5,4,4,5,5,4,4,4,5,5,5,Educator,mobile
49,72802,2,1,6,2,2,CHICK-FIL-A,4,4,5,4,3,4,5,4,5,5,4,4,4,5,5,4,3,4,4,5,4,3,4,5,4,4,4,Educator,multiple.way
50,72801,2,1,6,2,4,CHIPOTLE,4,4,4,4,4,4,4,3,3,4,4,4,4,3,4,4,4,4,4,4,4,3,3,4,4,4,4,Educator,coupons
51,72801,2,2,6,2,3,FIREHOUSE SUBS,4,5,5,4,5,3,3,4,5,5,5,4,5,4,5,4,3,5,5,3,1,3,5,5,5,5,5,Educator,sign
52,72802,1,2,6,2,12,POPEYE'S,3,4,5,2,2,3,3,4,1,3,3,3,4,5,5,4,4,5,2,2,3,4,2,2,4,2,3,Other,TV.ad
53,72802,2,1,6,2,8,CHICK-FIL-A,2,5,5,5,5,5,5,5,5,5,5,5,5,5,5,5,5,5,5,5,5,5,5,5,5,5,5,Educator,other
54,72802,2,1,6,5,18,ARBY'S,6,4,2,2,5,3,3,5,4,2,3,3,5,4,3,5,3,4,1,5,2,3,4,2,3,4,2,Health Care,TV.ad
55,72834,2,1,6,5,16,MCDONALD'S,3,3,3,3,3,3,3,3,3,3,3,3,3,3,3,3,3,3,3,3,3,3,3,3,3,2,2,Office Job,social.media
56,72802,2,2,6,2,24,CHICK-FIL-A,2,5,5,2,5,5,5,5,5,5,5,5,4,5,5,5,5,5,5,5,5,4,5,5,5,5,5,Educator,sign
57,72834,2,1,6,4,12,MCDONALD'S,1,4,5,2,2,3,2,4,4,5,4,2,5,4,4,4,5,5,5,5,5,3,3,5,4,5,5,Office Job,News.ad
58,72301,1,2,6,1,20,MCDONALD'S,2,4,4,4,4,4,4,4,5,4,4,4,4,5,4,5,4,4,4,4,4,4,4,4,5,5,5,Other,TV.ad
59,72802,2,1,6,2,3,TACO JOHN'S,1,5,3,4,1,5,3,3,4,5,5,5,5,5,5,2,2,1,3,3,5,4,5,5,3,3,3,Customer Service/Sales,sign
60,72837,2,1,6,4,8,CHICK-FIL-A,2,5,5,4,5,5,5,5,5,5,5,5,5,5,5,5,5,5,5,5,5,5,5,5,5,5,5,Health Care,mobile
61,72801,1,2,6,1,20,TACO JOHN'S,1,4,5,4,4,4,2,3,5,5,5,2,5,5,5,4,5,5,5,5,5,3,2,5,4,4,5,Other,sign
62,72801,2,1,6,2,3,FIREHOUSE SUBS,3,5,5,2,5,4,4,4,5,5,5,3,5,4,4,4,3,4,5,5,3,3,4,5,5,5,5,Law Enforcement/Attorney/Military,other
63,72834,2,2,6,2,12,SUBWAY,1,3,3,2,3,3,3,4,5,5,5,5,5,4,5,3,4,4,3,3,2,2,4,4,4,5,5,Customer Service/Sales,billboard
64,72802,1,1,6,6,12,TACO BELL,6,5,4,5,5,3,1,4,5,4,4,4,5,1,1,5,5,4,5,5,2,3,1,1,4,5,3,Educator,billboard
65,72802,2,1,6,3,4,TACO BELL,1,4,3,3,3,3,2,3,4,4,4,3,5,4,2,4,3,3,3,3,4,3,3,3,4,4,4,Educator,other
66,72802,2,1,6,3,4,CHICK-FIL-A,2,5,5,4,5,5,5,5,5,5,5,5,4,5,5,5,5,5,5,5,5,5,5,5,5,5,5,Office Job,social.media
67,72834,2,2,6,2,12,TACO BELL,2,5,5,5,5,4,4,3,4,4,4,4,5,5,4,5,5,4,5,5,3,3,3,4,4,5,4,Health Care,billboard
68,72802,1,1,6,3,16,SUBWAY,4,4,5,2,3,2,4,5,3,4,4,4,5,3,4,5,3,4,2,1,3,4,3,4,3,3,3,Manual Laborer/Maintenance/Driver,social.media
69,72811,1,2,6,4,12,ARBY'S,2,3,4,4,3,3,3,3,3,3,2,3,3,2,3,3,2,3,2,3,3,4,3,2,3,3,2,Other,sign
70,72801,1,1,6,3,12,TROPICAL SMOOTHIE,5,4,5,5,4,4,4,4,4,4,4,4,4,4,4,4,4,4,4,4,4,4,4,4,5,5,5,Law Enforcement/Attorney/Military,drive
71,72834,1,2,6,2,20,DOMINO'S PIZZA,1,4,3,4,3,3,4,3,5,5,5,5,5,5,5,2,2,2,4,4,2,2,2,4,4,4,4,Manual Laborer/Maintenance/Driver,friend.relative
72,72801,2,1,6,1,20,SPICES FOOD TRUCK,1,3,3,3,4,4,5,5,5,5,5,5,4,3,5,3,2,5,5,4,3,3,3,3,5,5,5,Technology,multiple.way
73,72834,2,2,6,2,2,BURGER KING,2,4,4,3,2,2,2,2,4,4,3,1,5,4,5,5,5,5,5,5,5,4,3,3,5,5,4,Health Care,billboard
74,72802,1,1,6,2,20,TACO JOHN'S,1,3,3,3,3,3,3,3,2,3,2,2,4,3,3,3,3,3,3,3,5,4,2,3,3,5,4,Law Enforcement/Attorney/Military,drive
75,72834,2,1,6,4,1,MCDONALD'S,2,3,3,3,3,3,3,3,3,3,3,3,3,3,3,3,3,3,3,3,3,3,3,3,1,3,1,Other,billboard
76,62264,1,1,6,5,28,MCDONALD'S,1,3,3,3,3,3,3,3,3,3,3,3,3,3,3,4,4,3,3,3,5,3,3,3,3,4,3,Clerical,drive
77,72801,1,1,6,3,8,WENDY'S,2,5,5,5,5,5,5,5,5,5,5,5,5,5,5,5,5,5,5,5,5,5,3,5,5,5,5,Educator,drive
78,72801,2,1,6,3,16,CHICK-FIL-A,4,5,5,4,5,5,5,5,5,5,5,5,4,4,5,5,3,5,5,3,5,3,5,5,5,5,5,Educator,drive
79,72601,2,2,6,5,20,WENDY'S,1,5,5,5,5,5,5,5,5,5,5,5,5,5,5,5,5,5,5,5,5,5,5,5,5,5,5,Health Care,drive
80,72837,2,1,6,5,28,TACO JOHN'S,1,4,5,4,5,5,5,5,5,5,5,5,4,5,5,5,3,3,5,5,5,3,1,5,4,5,5,Other,drive
81,72837,1,1,6,5,8,BURGER KING,1,4,5,5,4,5,5,5,5,5,5,5,4,4,5,5,3,3,4,5,5,3,1,5,5,5,5,Other,drive
82,72801,2,2,6,2,16,TACO BELL,4,4,5,5,4,5,5,5,4,5,5,5,5,5,5,5,5,5,5,5,5,5,5,5,5,5,5,Customer Service/Sales,drive
83,72802,2,1,6,2,12,TACO BELL,5,3,3,3,1,3,4,4,3,4,4,4,5,4,4,4,4,4,4,4,4,4,4,4,5,5,5,Management,mobile
84,72802,2,2,6,3,20,MCDONALD'S,1,5,5,5,5,5,5,5,5,5,5,5,5,5,5,5,5,5,5,5,5,3,4,5,5,5,5,Customer Service/Sales,drive
85,72802,2,2,6,1,20,CHICK-FIL-A,3,5,5,5,5,5,5,5,5,5,5,5,5,5,5,5,5,5,5,5,5,5,5,5,5,5,5,Customer Service/Sales,friend.relative
86,72834,2,1,6,2,8,OTHER,2,5,5,4,5,5,5,4,5,5,5,5,5,4,5,5,3,4,5,4,3,3,4,4,5,4,4,Other,drive
87,72801,1,1,6,3,16,OTHER,1,5,5,5,5,5,5,5,5,5,5,5,5,5,5,4,3,4,4,4,4,4,4,4,4,4,4,Management,drive
88,72865,1,3,6,5,1,CAVANAGH ROAD PIZZA,2,4,4,4,5,4,3,3,5,5,4,3,5,3,5,5,3,5,5,5,3,2,3,5,5,5,5,Manual Laborer/Maintenance/Driver,friend.relative
89,72834,3,3,6,3,16,SONIC,3,5,4,4,2,3,4,4,5,1,1,1,3,3,4,4,2,4,4,3,3,3,4,1,1,1,1,Unemployed,sign
90,72837,1,2,6,3,1,ARBY'S,1,4,4,5,4,4,4,3,4,5,3,2,4,3,4,5,4,4,3,4,4,3,3,4,4,4,4,Customer Service/Sales,other
91,72801,1,1,6,3,24,BRAUM'S,4,5,5,5,4,5,5,5,5,5,5,4,5,5,5,5,4,5,5,5,5,3,2,5,5,5,5,Customer Service/Sales,drive
92,72802,2,2,6,2,8,CHICK-FIL-A,2,5,3,4,4,4,4,3,1,3,2,3,2,2,2,4,3,3,2,5,5,2,1,2,2,5,3,Customer Service/Sales,drive
93,72801,2,2,6,2,8,ARBY'S,2,5,5,4,5,4,3,4,4,5,3,2,5,2,2,5,5,5,4,5,5,2,3,2,2,4,4,Customer Service/Sales,friend.relative
94,72823,2,1,6,3,4,SONIC,2,3,3,3,2,4,4,3,3,4,3,3,4,3,4,3,3,4,3,4,4,3,3,4,4,5,4,Customer Service/Sales,drive
95,72802,2,2,6,2,20,SUBWAY,1,5,5,5,5,5,5,5,5,5,5,5,5,5,5,5,5,5,5,5,5,3,4,5,5,5,5,Customer Service/Sales,other
96,72801,1,2,6,4,12,WENDY'S,2,5,5,5,5,5,5,5,5,5,5,5,5,5,5,5,5,5,5,5,5,5,5,5,5,5,5,Management,mobile
97,72802,1,1,6,2,24,TACO BELL,2,4,5,5,5,3,4,4,5,5,5,4,5,4,5,5,5,5,5,5,5,4,3,5,4,5,4,Technology,drive
98,72801,2,2,6,2,28,WENDY'S,2,3,3,2,3,4,3,4,4,4,4,5,5,4,3,4,4,5,5,5,4,4,3,4,4,4,4,Health Care,coupons
99,72801,1,2,6,1,12,TACO JOHN'S,4,4,5,5,4,5,5,5,4,5,4,4,5,4,2,4,3,4,4,3,5,2,2,4,4,3,3,Customer Service/Sales,drive
100,72801,2,1,6,3,12,SONIC,1,4,1,5,3,5,5,5,2,4,3,3,5,2,5,5,1,5,4,4,4,3,2,5,3,4,4,Customer Service/Sales,drive
101,72801,2,2,6,1,16,TACO BELL,1,4,4,4,4,4,4,4,4,4,4,4,4,4,4,4,4,4,4,4,4,4,4,4,4,4,4,Customer Service/Sales,drive
102,72801,1,1,6,5,4,KFC,2,3,3,3,4,4,4,4,5,4,4,3,4,4,4,4,3,4,4,4,5,4,2,3,4,4,4,Unemployed,drive
103,72801,2,2,6,3,3,HARDEE'S,1,2,5,5,2,1,1,1,3,4,3,2,3,4,4,4,2,4,5,4,3,5,1,4,3,2,2,Customer Service/Sales,drive
104,72801,2,2,6,2,12,ARBY'S,1,5,4,4,5,5,5,5,5,5,5,5,5,5,5,3,3,4,4,4,5,3,3,5,5,5,5,Customer Service/Sales,friend.relative
105,72801,2,2,6,2,12,WHATTABURGER,3,5,5,5,5,5,5,5,5,5,5,5,5,5,5,5,5,5,5,5,5,5,5,5,5,5,5,Customer Service/Sales,friend.relative
106,72801,1,1,6,2,1,BURGER KING,5,2,4,4,2,3,3,3,4,3,3,3,4,4,4,5,2,4,5,3,5,5,1,5,2,2,1,Office Job,coupons
107,72801,1,2,6,1,8,CHICK-FIL-A,1,5,3,3,5,5,5,3,5,4,3,4,3,2,4,3,5,5,3,3,4,3,3,5,5,5,5,Customer Service/Sales,social.media
108,72801,2,2,6,2,28,MCALISTERS,1,3,4,4,5,5,5,5,4,5,4,5,4,4,5,4,3,2,4,4,5,2,4,4,4,5,4,Customer Service/Sales,drive
109,72801,2,2,1,2,12,FIREHOUSE SUBS,1,5,5,4,5,5,5,5,5,5,5,5,5,5,5,5,5,5,5,5,5,5,5,5,5,5,5,Customer Service/Sales,drive
110,72801,2,1,6,3,8,KFC,4,4,5,5,5,4,4,5,5,5,5,5,5,5,5,5,3,5,5,5,5,3,1,4,5,5,4,Customer Service/Sales,drive
111,72801,2,2,6,3,8,BURGER KING,1,2,4,4,2,3,3,3,2,4,1,2,3,3,4,3,3,3,2,3,3,2,2,4,1,1,1,Customer Service/Sales,friend.relative
112,72801,2,2,6,2,1,PIZZA HUT,3,3,3,2,2,3,3,4,4,5,5,3,4,5,5,4,3,4,4,3,4,4,3,5,3,4,3,Office Job,coupons
113,72801,2,2,6,3,12,SUBWAY,1,4,3,2,5,5,5,5,5,5,5,5,5,5,5,5,3,4,4,4,4,3,4,4,4,4,4,Office Job,drive
114,72801,1,2,6,1,16,HARDEE'S,1,4,5,5,4,5,5,5,5,5,5,5,5,5,5,5,5,4,5,5,5,4,3,5,5,5,5,Customer Service/Sales,other
115,72801,2,2,6,4,20,SONIC,2,4,3,5,3,3,4,4,4,4,4,4,4,4,4,4,3,5,5,5,5,3,2,5,4,5,5,Customer Service/Sales,drive
116,72801,2,1,6,2,4,ZAXBY'S,2,5,5,5,5,5,5,5,5,5,5,5,5,5,5,4,3,5,5,5,5,3,5,5,5,5,5,Unemployed,sign
117,72801,2,1,6,2,8,DAIRY QUEEN,1,4,4,4,4,4,4,4,4,4,4,4,4,4,4,4,3,4,4,4,4,4,4,4,5,5,5,Customer Service/Sales,drive
118,72801,2,1,6,5,8,WENDY'S,3,5,5,5,4,4,4,4,3,2,2,3,5,4,5,4,3,4,4,4,5,3,4,4,4,4,4,Customer Service/Sales,drive
119,72801,1,2,6,2,12,POPEYE'S,1,5,5,5,5,5,5,5,5,5,5,5,5,5,5,5,4,5,5,5,5,3,3,5,5,5,5,Customer Service/Sales,drive
120,72802,2,1,6,3,12,WENDY'S,5,3,5,3,4,4,4,4,4,5,3,4,5,1,4,4,4,5,4,5,4,3,4,5,3,5,4,Management,other
121,72801,2,2,6,3,20,MCDONALD'S,1,4,3,2,3,4,4,4,5,5,5,4,5,5,5,5,5,4,5,5,5,3,2,4,4,4,4,Educator,drive
122,72801,2,2,6,3,28,CHICK-FIL-A,1,5,5,5,5,5,5,5,5,5,5,5,5,5,5,5,5,5,5,5,5,5,5,5,5,5,5,Other,other
123,72801,1,2,6,3,20,ZAXBY'S,4,5,5,5,5,4,4,3,5,3,4,3,3,3,5,3,3,5,3,4,4,2,3,3,5,4,4,Customer Service/Sales,drive
124,72801,2,1,6,2,12,CHICK-FIL-A,4,5,4,5,5,5,5,5,5,4,2,2,3,3,2,3,3,4,3,4,3,2,3,4,5,5,5,Educator,social.media
125,72801,2,1,6,2,5,WENDY'S,4,5,5,5,5,5,4,4,4,5,4,4,4,4,4,4,5,4,5,5,5,4,4,5,5,5,5,Educator,drive
126,72801,2,2,6,1,20,MCDONALD'S,1,5,5,5,5,5,5,5,5,5,5,5,5,5,5,5,5,5,5,5,5,5,3,5,5,5,5,Customer Service/Sales,drive
127,72801,2,1,6,2,8,LONG JOHN SILVER'S,2,4,4,4,4,4,4,4,2,4,2,2,4,2,2,3,3,2,2,4,4,2,2,2,1,1,1,Customer Service/Sales,drive
128,72801,2,1,6,2,16,HARDEE'S,2,5,5,5,5,5,5,5,5,5,5,5,5,5,5,5,5,5,5,5,5,5,5,5,5,5,5,Customer Service/Sales,drive
129,72858,2,1,6,2,20,MCDONALD'S,2,4,4,4,2,3,4,4,5,5,5,3,5,4,5,5,5,5,5,5,5,4,2,5,4,5,4,Technology,drive
130,72802,1,2,6,1,3,WENDY'S,2,5,4,4,5,4,3,4,5,5,4,4,2,5,4,2,4,5,2,5,3,4,4,5,4,5,3,Customer Service/Sales,drive
131,72802,2,1,6,3,3,WENDY'S,2,5,4,4,5,4,3,3,4,5,4,3,2,5,4,2,3,5,2,5,3,4,4,5,4,5,3,Customer Service/Sales,drive
132,72801,1,2,6,2,20,SUBWAY,1,5,5,5,5,5,5,5,5,5,5,5,5,5,5,5,5,5,5,5,5,5,5,5,5,5,5,Customer Service/Sales,drive
133,72802,2,1,6,3,4,PIZZA HUT,6,5,4,4,5,5,5,5,5,5,5,5,5,5,5,5,4,5,5,5,5,5,5,5,5,5,5,Manual Laborer/Maintenance/Driver,friend.relative
134,72802,1,2,6,2,16,STEAK N SHAKE,1,4,3,3,2,3,3,4,5,5,4,4,5,4,4,3,1,4,3,3,3,2,1,4,3,4,3,Customer Service/Sales,drive
135,72802,2,1,6,3,12,WENDY'S,6,3,5,3,4,4,4,4,4,5,3,4,5,1,4,4,4,5,4,5,4,3,4,5,3,5,4,Other,other
136,72801,2,3,6,6,12,CHICK-FIL-A,2,5,5,5,5,5,5,5,5,5,5,5,5,5,5,5,5,5,5,5,5,5,5,5,5,5,5,Unemployed,drive
137,72801,1,1,6,3,4,MCDONALD'S,1,5,5,5,5,5,5,5,5,5,5,5,5,5,5,5,5,5,5,5,5,5,5,5,5,5,5,Customer Service/Sales,drive
138,72801,2,1,6,2,20,WENDY'S,1,4,4,4,4,4,5,5,4,5,4,4,5,4,4,4,4,4,4,4,4,4,4,4,4,4,4,Educator,drive
139,72801,1,2,6,2,40,KFC,4,4,5,5,5,4,4,5,5,5,5,5,5,5,5,5,4,5,5,5,5,4,2,4,5,5,4,Customer Service/Sales,drive
140,72801,2,1,6,3,24,STEAK N SHAKE,1,5,4,4,5,4,5,5,5,5,4,4,5,3,4,5,3,5,5,5,5,2,1,5,5,5,5,Educator,friend.relative
141,72801,2,1,6,3,8,ZAXBY'S,4,5,5,5,5,5,5,5,5,5,4,4,4,4,5,5,3,5,4,5,5,2,5,5,5,5,5,Educator,drive
142,72801,1,2,6,2,12,MCDONALD'S,1,4,5,5,5,5,5,5,5,5,5,5,5,5,5,4,4,4,4,5,5,4,4,4,5,5,5,Customer Service/Sales,friend.relative
143,72801,2,2,6,2,12,ARBY'S,1,4,5,5,5,5,5,5,5,5,5,5,5,5,5,4,4,4,4,5,5,4,4,4,5,5,5,Customer Service/Sales,friend.relative
144,72801,2,1,6,2,8,SONIC,1,5,5,5,5,5,3,3,5,5,5,3,5,5,3,5,1,5,5,5,5,5,5,5,2,3,1,Technology,drive
145,72801,2,2,6,3,40,WENDY'S,3,5,5,5,5,5,5,5,5,5,5,5,5,5,5,5,5,5,5,5,5,5,5,5,5,5,5,Technology,mobile
146,72858,2,1,6,2,12,MCDONALD'S,2,4,4,4,2,3,4,4,5,5,5,3,5,4,5,5,5,5,5,5,5,4,2,5,4,5,4,Office Job,drive
147,72801,1,1,6,2,32,SONIC,1,5,5,5,5,5,3,3,5,5,5,3,5,5,3,5,1,5,5,5,5,5,5,5,2,3,1,Technology,drive
148,72801,1,1,6,6,16,SUBWAY,1,5,5,5,5,5,5,5,5,5,5,5,5,5,5,5,5,5,5,5,5,5,5,5,5,5,5,Unemployed,sign
149,72801,2,2,6,1,28,SONIC,1,3,3,4,3,3,3,3,2,4,2,4,4,3,4,5,1,5,4,4,5,3,3,4,4,4,4,Customer Service/Sales,sign
150,72801,2,3,6,5,8,SONIC,1,4,3,4,3,4,4,4,4,5,3,4,4,4,4,5,1,5,5,5,5,3,4,4,5,5,4,Customer Service/Sales,drive
151,72801,2,1,6,6,16,SUBWAY,2,5,5,5,5,5,5,5,5,5,5,5,5,5,5,5,5,5,5,5,5,5,5,5,5,5,5,Unemployed,sign
152,72801,2,2,6,1,12,WHATTABURGER,2,4,4,4,5,5,5,5,4,5,5,5,5,5,5,3,3,4,4,2,3,3,3,4,4,4,4,Educator,sign
153,72801,2,1,6,4,16,CHICK-FIL-A,1,5,5,5,5,5,5,5,5,5,5,5,5,5,5,5,5,5,5,5,5,5,5,5,5,5,5,Health Care,drive
154,72801,2,1,6,3,12,DAIRY QUEEN,1,5,4,4,2,4,5,5,5,5,5,5,5,4,4,4,3,5,5,5,5,4,2,4,5,5,5,Health Care,friend.relative
155,72802,1,3,6,3,16,WENDY'S,2,2,3,3,3,4,5,3,2,3,4,5,5,2,3,3,5,4,3,2,4,2,4,4,4,4,3,Other,sign
156,72823,1,1,6,2,16,CHICK-FIL-A,6,5,3,4,5,5,5,5,5,5,5,4,3,4,5,5,5,4,4,4,5,3,5,5,5,5,5,Other,drive
157,72801,2,1,6,2,20,CHICK-FIL-A,1,5,5,5,5,5,5,5,5,5,5,5,5,5,5,4,5,5,5,5,5,5,5,5,5,5,5,Other,coupons
158,72801,2,1,6,3,36,SONIC,1,4,1,5,3,5,5,5,2,4,3,3,5,2,5,5,1,5,4,4,4,3,1,5,3,4,4,Customer Service/Sales,drive
159,72801,2,1,6,6,4,BURGER KING,2,5,5,5,4,5,5,5,5,5,5,4,4,4,5,5,4,5,5,5,5,5,5,5,5,5,5,Unemployed,friend.relative
160,72801,2,1,6,1,16,CHICK-FIL-A,1,5,5,5,5,5,5,5,5,5,5,5,5,5,5,5,5,5,5,5,5,5,5,5,5,5,5,Customer Service/Sales,friend.relative
161,72802,1,2,6,2,12,STEAK N SHAKE,1,2,3,3,2,3,3,4,5,5,4,4,5,4,4,3,1,4,3,3,3,2,1,4,3,4,3,Customer Service/Sales,drive
162,72801,1,1,6,6,4,BURGER KING,2,4,5,5,5,5,5,5,5,5,4,4,5,5,5,5,4,5,5,5,5,5,5,4,5,5,5,Unemployed,TV.ad
163,72801,2,2,6,2,16,TACO BELL,1,4,5,5,4,5,5,4,5,5,5,5,5,5,5,5,5,5,5,5,5,5,5,5,5,5,5,Customer Service/Sales,drive
164,72801,2,2,6,2,12,CHICK-FIL-A,1,4,5,5,5,5,5,4,5,5,5,4,3,4,4,4,5,4,4,4,5,4,5,5,5,5,5,Customer Service/Sales,drive
165,72837,2,2,6,1,20,CHICK-FIL-A,1,4,4,4,4,5,5,5,5,5,5,5,5,5,5,5,5,4,5,4,5,4,4,5,4,5,4,Customer Service/Sales,other
166,72834,2,2,6,3,16,TACO JOHN'S,3,5,4,4,3,3,4,5,2,2,2,2,3,3,4,4,2,4,4,3,3,3,4,1,4,3,3,Customer Service/Sales,sign
167,72837,1,2,6,3,20,ARBY'S,1,4,4,5,4,4,4,3,4,5,3,2,4,3,4,5,4,4,3,4,4,3,3,4,4,4,4,Customer Service/Sales,drive
168,72802,1,1,6,2,4,TACO BELL,4,4,5,5,5,3,4,4,5,5,5,4,5,4,5,5,5,5,5,5,5,4,3,5,4,5,4,Technology,multiple.way
169,72801,2,2,6,2,16,ARBY'S,3,5,5,4,5,4,3,4,4,5,3,2,5,2,2,5,5,5,4,5,5,2,3,2,2,4,4,Customer Service/Sales,friend.relative
170,72823,2,1,6,3,28,SONIC,2,3,3,3,3,4,4,3,3,4,3,3,4,3,4,3,3,4,3,4,4,3,3,4,4,5,4,Customer Service/Sales,drive
171,72081,2,1,6,4,28,WENDY'S,3,4,5,5,5,3,4,4,5,5,5,5,5,5,5,5,5,5,5,5,5,4,3,5,4,5,4,Health Care,drive
172,72802,2,2,6,1,40,SONIC,5,4,3,3,4,3,4,5,4,5,3,3,5,3,4,4,5,5,4,3,3,5,2,3,4,5,4,Customer Service/Sales,drive
173,72802,2,2,6,2,48,CHICK-FIL-A,2,5,5,4,4,4,5,5,5,5,5,5,5,5,5,4,5,3,2,5,5,2,1,2,4,5,4,Customer Service/Sales,drive
174,72802,2,2,6,2,32,TACO JOHN'S,2,5,5,5,5,4,3,4,5,5,5,5,5,5,5,5,5,5,5,5,5,4,2,5,5,5,4,Customer Service/Sales,drive
175,72802,1,1,6,3,24,WENDY'S,3,4,3,2,4,3,4,4,5,5,4,3,5,3,4,5,5,5,4,4,4,3,3,4,4,5,4,Law Enforcement/Attorney/Military,other
176,72801,2,1,6,3,24,OTHER,2,3,1,5,3,3,3,2,1,5,4,3,5,5,4,5,1,5,4,3,5,4,1,5,2,5,4,Customer Service/Sales,friend.relative
177,72937,1,1,6,6,20,DEWAYNE'S,6,3,5,5,2,3,5,5,5,5,3,3,3,5,5,3,5,4,4,5,1,1,1,5,4,5,4,Health Care,friend.relative
178,72774,2,3,6,1,4,CHICK-FIL-A,2,5,3,3,5,5,5,5,5,5,5,3,3,4,5,4,5,5,5,5,5,3,5,5,5,5,5,Educator,multiple.way
179,72802,1,1,6,2,20,CHICK-FIL-A,3,4,5,4,3,3,4,4,4,4,4,3,5,4,4,4,5,5,4,5,5,3,4,5,4,5,5,Clerical,friend.relative
180,72802,2,3,6,4,4,HARDEE'S,2,3,3,4,2,2,2,1,4,3,2,3,3,3,3,3,3,3,3,4,4,3,3,2,3,4,3,Health Care,drive
181,72801,1,2,6,5,1,CHICK-FIL-A,1,5,5,5,5,5,5,5,5,5,5,5,5,5,5,5,5,5,5,5,5,5,5,5,5,5,5,Manual Laborer/Maintenance/Driver,drive
182,72802,1,1,6,2,31,SONIC,1,4,4,4,4,4,5,5,5,5,5,5,5,4,5,4,3,5,4,5,5,5,4,5,5,5,5,Clerical,sign
183,72802,1,1,6,4,28,MCDONALD'S,1,4,4,5,3,4,4,4,5,5,4,4,4,3,4,5,5,5,5,4,3,4,1,5,4,5,4,Unemployed,drive
184,72802,2,2,6,4,4,CHICK-FIL-A,1,5,4,4,4,5,5,5,5,5,5,4,4,4,5,5,5,5,5,4,4,3,3,3,5,5,5,Customer Service/Sales,multiple.way
185,72858,1,1,6,3,16,MCDONALD'S,1,4,4,4,4,4,4,4,3,4,3,3,5,4,4,5,5,5,5,5,5,3,1,3,4,4,4,Health Care,multiple.way
186,72114,2,2,6,3,2,TACO BELL,2,4,4,4,4,5,5,4,5,5,4,4,4,3,4,3,3,3,3,5,5,3,1,3,3,3,3,Educator,multiple.way
187,72858,2,1,6,3,8,DAIRY QUEEN,2,5,5,5,5,5,5,5,5,5,5,5,3,5,3,3,3,3,3,3,3,1,1,3,5,5,5,Law Enforcement/Attorney/Military,multiple.way
188,72774,2,1,6,5,4,CHICK-FIL-A,3,5,4,4,5,5,5,5,5,5,5,5,4,4,5,5,3,3,5,3,3,3,3,3,5,5,5,Clerical,friend.relative
189,72801,1,1,6,3,8,BURGER KING,1,4,4,4,4,4,4,4,4,4,4,4,4,4,4,3,3,3,3,3,3,3,3,3,3,3,3,Educator,drive
190,72837,1,2,6,2,16,WENDY'S,1,4,5,5,5,5,5,5,5,5,5,5,5,5,5,5,5,5,5,5,5,5,3,5,5,5,5,Law Enforcement/Attorney/Military,drive
191,72837,1,1,6,4,8,WENDY'S,2,4,5,5,4,4,5,5,5,5,5,4,5,4,5,5,5,5,5,5,5,3,3,3,5,5,5,Law Enforcement/Attorney/Military,drive
192,72802,2,1,6,3,8,SONIC,1,3,3,4,4,3,5,4,4,5,5,4,5,5,3,4,3,5,4,5,5,3,3,5,5,5,2,Customer Service/Sales,drive
193,72823,1,3,6,3,4,CHICK-FIL-A,1,5,5,5,5,5,5,5,5,5,5,5,3,5,5,4,3,5,4,4,5,3,5,5,5,5,5,Technology,drive
194,72801,2,1,6,4,16,POPEYE'S,4,3,5,3,3,3,5,3,3,5,1,1,3,1,5,3,3,3,3,3,4,3,1,1,3,5,3,Unemployed,drive
195,72015,2,2,6,3,4,CHICK-FIL-A,1,5,5,5,5,5,5,5,5,5,5,5,5,5,5,5,5,5,5,5,5,5,5,5,5,5,5,Law Enforcement/Attorney/Military,drive
196,72802,2,1,6,4,8,CHICK-FIL-A,1,5,4,5,5,5,5,5,5,5,5,5,5,5,5,4,4,5,4,5,5,5,5,5,5,5,5,Educator,sign
197,72802,2,1,6,3,8,MCDONALD'S,1,4,4,5,4,4,4,4,5,5,4,4,5,4,4,5,5,5,5,5,5,5,1,3,5,5,4,Unemployed,drive
198,72801,1,1,6,3,8,SUBWAY,4,4,5,3,4,4,4,4,4,5,5,5,5,2,4,4,2,4,4,4,5,4,3,5,4,4,4,Law Enforcement/Attorney/Military,friend.relative
199,89085,2,2,6,3,2,RAISING CANES,4,5,4,4,5,4,4,4,5,5,3,3,3,3,5,4,3,3,4,3,3,3,2,3,4,5,4,Unemployed,drive
200,72956,2,1,6,4,16,CHICK-FIL-A,3,4,4,3,4,5,5,5,5,5,4,5,3,3,4,4,4,4,3,5,4,5,5,4,4,5,4,Health Care,drive
201,72802,1,1,6,2,12,TACO BELL,1,5,5,5,4,4,4,4,4,5,5,5,5,5,5,5,1,5,5,5,5,3,1,5,5,5,5,Manual Laborer/Maintenance/Driver,drive
202,72704,2,2,6,4,1,PAPA JOHNS PIZZA,2,5,5,5,3,3,5,5,5,5,4,5,5,4,4,5,1,1,5,3,3,5,1,3,5,5,5,Office Job,drive
203,72837,2,1,6,4,2,PANDA EXPRESS,6,5,5,3,5,5,5,5,5,5,3,3,3,3,5,3,3,3,3,3,3,1,1,3,5,5,5,Management,drive
204,72802,1,1,6,4,32,WHATTABURGER,3,5,3,3,4,4,5,3,3,5,5,3,4,3,5,4,3,5,3,4,1,3,2,2,4,5,5,Other,friend.relative
205,72471,2,1,6,3,8,CHICK-FIL-A,2,5,5,5,4,5,5,5,5,5,5,5,3,3,3,3,3,3,5,3,5,3,1,3,4,5,5,Office Job,multiple.way
206,72010,1,1,6,4,2,TACO BELL,5,4,5,5,4,5,4,5,4,3,4,5,5,5,5,3,3,1,1,5,5,1,1,1,3,4,5,Technology,friend.relative
207,72823,2,1,6,3,12,BRICK OVEN,2,3,3,2,4,4,4,4,4,4,4,5,4,3,4,3,2,4,3,2,2,2,2,4,4,4,5,Clerical,friend.relative
208,72802,2,2,6,1,4,CHICK-FIL-A,1,5,5,5,5,5,5,5,5,5,5,5,4,4,5,3,3,5,5,3,3,3,1,3,4,4,4,Office Job,multiple.way
209,72823,1,1,6,4,8,CHICK-FIL-A,2,5,5,5,5,5,5,5,5,5,5,5,5,5,5,4,3,4,5,3,3,3,3,3,5,5,5,Law Enforcement/Attorney/Military,multiple.way
210,76244,1,2,6,4,8,CHIPOTLE,2,5,5,4,5,5,5,5,5,5,4,4,4,4,5,3,5,3,5,3,3,1,1,1,5,5,5,Clerical,friend.relative
211,10996,2,1,6,3,2,CHICK-FIL-A,6,3,4,3,3,4,5,3,5,5,4,3,3,3,3,3,3,3,3,2,3,1,1,3,3,3,3,Unemployed,drive
212,72801,1,1,6,4,4,MCDONALD'S,1,4,4,4,3,4,4,4,4,4,4,4,4,4,4,3,4,4,2,4,4,3,3,2,4,4,4,Law Enforcement/Attorney/Military,drive
213,72801,2,1,6,2,8,WENDY'S,4,4,3,4,2,2,1,4,5,5,4,4,5,5,5,4,1,5,4,4,4,1,1,5,5,5,4,Office Job,drive
214,72801,1,1,6,3,12,CHICK-FIL-A,4,5,3,3,5,5,5,4,5,5,5,4,5,5,3,4,3,3,5,5,5,5,3,3,4,5,4,Customer Service/Sales,sign
215,72801,1,2,6,4,12,LA HUERTA,5,5,4,3,3,4,5,5,5,5,5,5,4,5,5,4,3,3,4,5,1,1,2,5,4,5,5,Health Care,friend.relative
216,72858,2,1,6,5,3,TACO BELL,3,4,5,5,4,4,4,4,4,4,5,5,5,4,5,5,5,5,5,5,5,4,4,4,5,5,5,Office Job,friend.relative
217,72801,1,1,6,4,8,CHIPOTLE,2,5,5,5,5,4,4,4,5,5,5,5,5,5,5,5,5,3,4,3,3,3,2,3,5,5,5,Other,friend.relative
218,72801,2,1,6,4,20,WHATTABURGER,2,5,5,5,5,5,5,5,5,5,5,5,5,5,5,5,3,4,5,5,5,3,2,4,5,5,5,Other,friend.relative
219,72834,1,1,6,3,16,TROPICAL SMOOTHIE,1,4,4,3,4,4,4,4,4,4,4,4,4,3,4,4,3,4,3,4,4,3,5,5,5,5,5,Law Enforcement/Attorney/Military,other
220,72834,2,1,6,2,20,TACO JOHN'S,4,5,5,5,5,4,5,5,5,5,5,4,5,5,4,4,3,3,2,4,5,3,3,3,4,4,5,Other,friend.relative
221,72834,2,1,6,4,20,ZAXBY'S,2,4,4,4,3,4,4,4,4,4,4,3,4,4,4,4,4,4,4,4,4,4,3,3,3,5,4,Office Job,sign
222,72801,2,1,6,2,12,TACO BELL,5,5,5,5,5,5,5,5,5,5,5,5,5,5,5,5,5,5,5,5,5,5,5,5,5,5,5,Health Care,drive
223,72823,1,1,6,3,8,TACO BELL,2,3,3,3,2,2,3,2,2,3,3,3,4,2,2,2,2,3,2,2,2,1,1,3,2,3,2,Manual Laborer/Maintenance/Driver,multiple.way
224,72837,1,1,6,3,8,SUBWAY,1,5,3,4,3,4,5,4,5,5,5,4,4,4,5,4,3,5,4,5,3,4,3,4,5,4,4,Law Enforcement/Attorney/Military,mobile
225,72802,2,2,6,2,8,CHICK-FIL-A,2,5,5,5,4,5,5,5,5,5,4,5,4,4,5,4,3,4,5,3,5,3,2,4,5,5,5,Health Care,multiple.way
226,72802,1,1,6,3,4,WENDY'S,1,4,5,5,4,3,4,4,3,5,5,4,5,4,4,4,3,4,4,5,4,3,3,3,4,5,4,Other,drive
227,72801,2,1,6,4,12,TACO JOHN'S,3,5,5,5,5,5,5,5,5,5,5,5,5,5,5,5,3,3,5,5,5,5,2,5,5,5,5,Management,billboard
228,72010,2,1,6,2,2,CHICK-FIL-A,4,5,4,4,4,5,5,5,5,5,5,5,4,3,4,3,3,3,4,3,3,3,2,3,4,5,5,Other,drive
229,72802,2,1,6,3,12,ZAXBY'S,3,5,5,4,4,4,5,4,5,5,4,4,2,2,3,3,3,3,3,5,5,3,1,3,4,5,4,Management,drive
230,72801,2,1,6,3,5,CHICK-FIL-A,5,5,5,5,5,5,5,5,5,5,5,5,5,5,5,5,3,5,5,5,5,5,5,5,5,5,5,Educator,other
231,72801,1,1,6,3,16,POPEYE'S,5,4,4,4,4,4,4,4,4,4,4,3,4,3,4,3,3,3,3,3,2,2,1,1,3,5,4,Management,drive
232,72801,2,1,6,3,2,TACO BELL,2,3,3,3,3,3,3,3,3,5,5,3,5,4,5,5,3,5,5,5,5,3,2,5,5,5,3,Technology,drive
233,72823,2,1,6,3,12,CHICK-FIL-A,1,5,5,5,5,5,5,5,5,5,5,5,3,3,4,3,3,3,3,3,5,1,1,3,5,5,5,Unemployed,friend.relative
234,72858,2,1,6,3,8,CHICK-FIL-A,3,5,5,4,5,5,5,5,5,5,5,5,5,5,5,4,5,5,5,4,5,2,5,5,5,5,5,Educator,drive
235,72834,2,1,6,3,12,CHICK-FIL-A,3,4,3,2,4,5,5,5,5,5,5,4,5,3,5,3,3,4,4,3,4,3,4,4,5,5,5,Other,other
236,72143,2,1,6,3,16,CHICK-FIL-A,3,5,5,5,5,5,5,5,5,5,5,5,5,5,5,5,5,5,5,5,5,5,5,5,5,5,5,Health Care,sign
237,85355,2,1,6,3,2,TACO BELL,1,4,4,4,4,5,5,5,5,5,4,4,5,2,2,5,5,3,4,3,5,1,1,3,4,5,5,Technology,friend.relative
238,72802,2,1,6,4,2,CHICK-FIL-A,3,5,5,5,4,5,5,5,5,5,4,4,4,3,3,3,3,3,3,1,3,3,1,3,4,5,5,Office Job,drive
239,72834,1,1,6,3,12,WENDY'S,1,4,4,4,4,4,4,4,4,4,4,3,4,4,3,2,3,4,4,4,4,2,2,3,4,5,4,Manual Laborer/Maintenance/Driver,drive
240,76244,1,1,6,4,8,CHIPOTLE,2,5,5,4,5,5,5,4,4,5,4,2,2,3,3,3,3,3,3,3,3,3,5,5,5,5,5,Clerical,drive
241,72802,2,1,6,3,8,TACO BELL,3,4,4,4,4,4,4,4,4,4,3,3,3,3,3,2,2,2,2,5,5,2,1,1,3,3,3,Unemployed,friend.relative
242,72801,2,2,6,2,20,TACO BELL,1,4,4,4,4,3,3,3,3,5,3,3,5,3,4,3,3,3,3,3,5,3,1,3,3,3,3,Health Care,drive
243,72801,2,1,6,3,16,ARBY'S,2,3,4,4,3,3,4,4,5,4,4,3,4,4,4,3,1,3,4,4,3,1,4,4,4,5,3,Office Job,drive
244,72802,1,1,6,3,2,TACO BELL,1,4,4,4,3,3,3,4,4,4,3,3,5,3,2,3,4,4,3,4,4,3,4,4,4,4,4,Unemployed,sign
245,72837,2,1,6,2,12,WENDY'S,2,3,4,4,3,3,4,4,4,4,4,3,3,4,4,2,3,4,3,4,4,3,4,4,4,4,3,Other,sign
246,72801,2,1,6,3,4,TACO BELL,6,3,3,3,3,3,4,4,4,5,4,4,5,4,4,5,3,3,3,3,4,3,2,5,4,5,5,Office Job,social.media
247,72801,1,1,6,1,8,TACO BELL,2,3,3,3,3,3,3,3,3,4,4,4,4,4,4,3,3,3,3,3,3,4,4,4,5,5,5,Educator,sign
248,72801,1,1,6,4,8,BURGER KING,1,3,3,3,3,2,2,2,2,3,3,4,4,4,4,3,3,3,3,3,4,4,4,4,4,5,4,Management,sign
249,72832,1,2,6,1,8,MCDONALD'S,4,4,3,5,3,5,4,3,5,4,4,5,4,5,3,3,5,4,4,3,5,4,5,3,4,4,4,Other,mobile
250,72823,2,1,6,4,8,CHICK-FIL-A,3,5,5,5,5,5,5,5,5,5,4,5,5,4,5,5,5,4,5,5,5,3,4,5,5,5,5,Educator,sign
251,72858,1,2,6,2,10,SONIC,1,4,3,4,3,4,4,3,4,4,3,3,5,3,4,2,3,4,3,4,4,4,2,3,4,4,4,Customer Service/Sales,mobile
252,72834,2,3,6,6,4,MCDONALD'S,1,4,5,4,2,3,3,2,4,4,2,2,3,2,4,4,3,4,4,4,4,3,3,4,4,3,3,Unemployed,sign
253,72823,2,2,6,1,8,CHICK-FIL-A,2,5,5,4,5,5,5,5,5,5,5,5,5,4,5,4,5,5,5,5,5,5,5,5,5,5,5,Office Job,friend.relative
254,72834,1,1,6,5,20,MCDONALD'S,3,4,5,5,5,4,5,4,5,4,5,4,4,4,5,4,3,3,5,3,4,4,4,4,4,4,4,Unemployed,friend.relative
255,72801,1,2,6,4,20,WENDY'S,1,4,4,3,4,4,5,3,5,5,5,4,5,4,5,4,3,4,4,4,5,3,3,4,4,5,4,Manual Laborer/Maintenance/Driver,drive
256,72801,2,1,6,2,16,WENDY'S,1,4,5,5,3,4,3,3,5,5,4,5,5,5,5,5,5,5,5,5,5,3,3,5,5,5,4,Educator,sign
257,72802,2,1,6,4,1,CHICK-FIL-A,1,4,4,4,4,4,5,5,5,5,5,5,5,5,5,5,5,5,5,5,5,5,5,5,4,5,5,Customer Service/Sales,friend.relative
258,72834,2,1,6,6,20,WENDY'S,1,5,5,5,5,5,5,5,5,5,5,5,5,5,5,5,3,5,5,5,5,3,5,5,5,5,5,Other,other
259,72837,2,1,6,4,4,WHATTABURGER,2,4,4,4,4,4,4,4,4,4,4,4,4,4,4,4,4,4,4,4,3,4,4,4,4,5,4,Office Job,friend.relative
260,72834,2,2,6,2,12,TACO BELL,1,3,4,2,4,3,4,3,4,4,4,3,5,2,2,4,3,3,4,3,3,3,2,3,4,4,4,Health Care,sign
261,72837,2,2,6,3,4,WENDY'S,3,4,4,4,4,4,4,4,4,4,4,4,4,4,4,4,4,4,4,4,4,4,4,4,4,4,4,Technology,other
262,72832,2,1,6,3,8,QUIZNO'S,4,5,5,3,5,3,3,3,3,3,3,3,3,3,3,3,3,3,3,3,3,3,3,3,3,4,4,Office Job,mobile
263,72801,2,1,6,4,4,LA HUERTA,5,4,4,4,4,4,4,4,4,4,4,4,4,4,4,4,4,4,4,4,3,3,3,4,4,5,4,Office Job,other
264,72837,2,1,6,4,4,OTHER,2,4,4,4,4,4,4,4,4,4,4,4,4,4,4,4,4,4,4,4,3,3,3,4,4,5,4,Office Job,News.ad
265,72801,2,2,3,2,12,OTHER,3,3,4,2,4,4,3,3,4,3,1,2,2,1,3,4,1,2,3,2,4,2,2,3,4,3,4,Office Job,drive
266,72801,2,2,6,2,4,MCDONALD'S,2,4,4,4,4,4,4,4,4,4,4,4,4,4,4,4,4,4,4,4,4,4,4,4,4,4,4,Other,drive
267,72837,2,1,6,4,4,OTHER,2,4,4,4,4,4,4,4,4,4,4,4,4,4,4,4,4,4,4,4,4,4,3,4,4,5,4,Office Job,multiple.way
268,72801,2,3,6,4,1,MCDONALD'S,2,5,5,5,5,5,5,5,5,5,5,5,5,5,5,5,5,5,5,5,5,5,5,5,5,5,5,Office Job,drive
269,72801,2,1,6,4,1,BURGER KING,2,4,3,3,5,5,5,5,5,5,5,5,5,5,5,5,5,5,5,5,5,5,5,5,4,4,5,Clerical,drive
270,72802,2,1,6,4,12,CJ BURGERS,3,4,4,4,4,4,4,4,5,5,4,4,4,4,4,4,4,4,4,4,4,4,4,4,5,5,5,Other,friend.relative
271,72823,2,2,6,2,8,CHICK-FIL-A,3,3,2,4,4,4,5,5,5,5,5,3,3,5,4,3,3,4,4,4,4,4,3,4,4,5,5,Office Job,drive
272,72837,2,1,6,4,8,CHICK-FIL-A,2,5,5,5,5,5,5,5,5,5,5,5,5,5,5,5,5,5,5,5,5,3,3,5,5,5,5,Office Job,drive
273,72802,2,1,6,4,8,LA HUERTA,2,5,5,5,5,5,5,5,5,5,5,5,5,5,5,5,5,5,5,5,3,5,5,5,5,5,5,Manual Laborer/Maintenance/Driver,drive
274,72830,1,2,6,2,12,WENDY'S,2,3,3,3,3,4,4,4,4,4,4,4,4,4,4,2,3,4,2,4,4,4,4,4,4,4,4,Health Care,friend.relative
275,72830,1,2,6,2,10,MCDONALD'S,2,5,3,3,3,3,2,4,4,4,2,2,5,2,4,2,3,4,2,3,2,3,3,4,2,4,4,Health Care,friend.relative
276,72830,1,2,6,2,10,PIZZA HUT,2,4,5,5,4,5,5,5,5,5,5,5,5,5,5,5,5,5,5,5,5,5,5,5,5,5,5,Health Care,other
277,72802,2,1,6,3,10,ZAXBY'S,4,3,3,3,4,5,5,5,5,5,5,5,5,5,5,5,2,5,5,5,5,5,5,5,5,5,5,Health Care,drive
278,72801,2,1,6,2,12,MCDONALD'S,2,4,4,4,4,4,5,5,5,5,5,5,5,5,5,4,4,4,4,4,4,4,4,4,4,4,4,Technology,social.media
279,72837,2,1,6,4,4,OTHER,2,4,4,4,4,4,4,4,4,4,4,4,4,4,4,4,4,4,4,4,3,4,3,4,4,5,4,Other,News.ad
280,72801,2,1,6,4,4,CRACKER BARREL,2,4,4,4,4,4,4,4,2,4,2,4,4,2,4,4,4,4,4,4,4,3,4,4,4,5,4,Office Job,other
281,72801,2,2,6,3,6,QUIZNO'S,1,5,5,5,5,5,5,5,5,5,5,5,5,5,5,4,1,4,5,3,1,4,5,5,4,4,4,Other,social.media
282,72802,2,1,6,5,8,MCDONALD'S,2,4,4,5,4,5,5,5,5,5,4,4,5,4,5,5,4,5,5,4,5,4,4,5,4,4,4,Management,drive
283,72802,2,1,6,5,12,MCALISTERS,3,5,5,4,5,5,5,5,5,5,5,5,5,4,5,4,3,5,4,3,2,5,5,5,5,5,5,Health Care,drive
284,72847,2,1,6,3,9,CHICK-FIL-A,2,5,5,5,5,5,5,5,5,5,5,5,5,5,5,4,3,5,5,5,4,5,5,5,4,5,4,Management,friend.relative
285,72802,1,1,6,2,8,CHICK-FIL-A,2,5,5,5,5,5,5,5,5,5,5,5,5,5,5,5,5,5,5,5,5,5,5,5,5,5,5,Health Care,drive
286,72837,1,2,6,3,8,MCDONALD'S,2,3,3,3,3,2,3,2,3,3,3,2,3,5,3,3,3,3,4,3,4,3,2,3,3,3,3,Health Care,drive
287,72801,2,1,6,3,8,WENDY'S,5,5,5,5,5,5,5,5,5,5,5,5,5,5,5,5,5,5,5,5,5,5,5,5,5,5,5,Office Job,friend.relative
288,72802,2,1,6,5,16,SUBWAY,1,3,4,3,4,4,4,4,3,5,3,4,5,3,5,4,2,4,5,5,5,5,1,5,3,4,3,Health Care,coupons
289,72802,2,1,6,4,8,ARBY'S,4,4,4,4,4,4,5,5,5,5,5,5,5,5,4,5,5,5,4,5,5,4,4,5,5,5,5,Other,multiple.way
290,72802,2,2,6,1,22,BURGER KING,4,3,3,3,2,4,4,4,4,4,5,5,5,5,5,3,5,4,4,4,4,4,4,5,4,5,4,Other,sign
291,72837,1,1,6,2,16,ZAXBY'S,2,5,5,5,5,5,5,5,5,5,5,5,5,5,5,3,5,5,4,5,5,5,5,5,4,5,5,Health Care,sign
292,72801,2,2,6,3,4,TACO JOHN'S,1,5,5,5,5,5,5,5,5,5,5,5,5,5,5,5,5,5,5,5,5,5,5,5,5,5,5,Office Job,drive
293,72802,2,1,6,4,8,ARBY'S,4,4,4,4,4,4,5,5,5,5,5,5,5,5,4,5,5,5,4,5,5,4,4,5,5,5,5,Other,multiple.way
294,72802,2,1,6,4,8,TACO BELL,4,4,4,4,4,4,5,5,5,5,5,5,5,5,4,5,5,5,4,5,5,4,4,5,5,5,5,Other,multiple.way
295,72802,1,2,6,3,20,ZAXBY'S,2,3,3,3,3,4,3,3,2,2,3,3,2,3,4,3,4,4,3,3,2,3,3,3,3,4,3,Technology,drive
296,72837,2,1,6,4,16,OTHER,2,4,4,3,4,5,4,3,5,4,5,3,3,2,3,3,1,3,4,2,3,1,1,2,3,3,3,Office Job,friend.relative
297,72837,2,2,6,2,12,OTHER,3,4,4,4,5,5,4,4,5,3,4,5,5,5,4,5,5,4,5,4,5,5,4,4,4,4,4,Other,friend.relative
298,72837,2,1,6,3,8,OTHER,1,4,5,3,2,4,3,4,2,5,5,2,3,4,3,2,5,4,3,2,3,4,3,2,3,4,3,Office Job,friend.relative
299,72837,2,1,6,3,20,OTHER,3,3,4,2,5,5,5,5,4,5,3,3,2,3,4,3,3,4,2,3,3,1,1,4,4,3,3,Office Job,sign
300,72858,2,2,6,4,8,OTHER,3,3,5,5,4,4,4,3,5,5,3,1,4,3,1,2,3,4,2,4,3,3,1,5,4,3,4,Manual Laborer/Maintenance/Driver,sign
301,72834,1,1,6,4,24,OTHER,3,4,5,5,5,5,5,4,5,5,5,4,3,3,2,3,2,4,4,4,2,2,3,4,4,4,4,Manual Laborer/Maintenance/Driver,friend.relative
302,72834,2,1,6,2,12,OTHER,4,2,3,5,5,5,5,5,5,5,5,4,4,4,5,3,2,5,5,5,1,1,3,5,5,5,5,Office Job,friend.relative
303,72837,2,2,6,2,28,OTHER,2,4,5,5,4,5,3,4,5,5,5,3,5,2,2,2,2,3,2,4,3,3,3,5,4,3,2,Office Job,friend.relative
304,72823,2,1,6,3,20,OTHER,6,5,5,5,5,5,5,4,5,5,5,3,3,2,4,4,4,5,5,5,3,3,3,5,5,5,5,Office Job,friend.relative
